Timestamp,UTC,Callsign,Position,Altitude,Speed,Direction
1713091208,2024-04-14T10:40:08Z,SAS909,"55.627407,12.657228",0,0,270
1713091412,2024-04-14T10:43:32Z,SAS909,"55.627399,12.65758",0,5,275
1713091420,2024-04-14T10:43:40Z,SAS909,"55.627422,12.657902",0,6,284
1713091433,2024-04-14T10:43:53Z,SAS909,"55.62743,12.658518",0,5,323
1713091446,2024-04-14T10:44:06Z,SAS909,"55.62727,12.65889",0,3,351
1713091485,2024-04-14T10:44:45Z,SAS909,"55.627365,12.659125",0,4,14
1713091492,2024-04-14T10:44:52Z,SAS909,"55.627445,12.65934",0,5,30
1713091498,2024-04-14T10:44:58Z,SAS909,"55.627464,12.659558",0,5,50
1713091504,2024-04-14T10:45:04Z,SAS909,"55.627434,12.659812",0,5,70
1713091513,2024-04-14T10:45:13Z,SAS909,"55.627281,12.660079",0,6,106
1713091525,2024-04-14T10:45:25Z,SAS909,"55.627007,12.660141",0,5,149
1713091537,2024-04-14T10:45:37Z,SAS909,"55.626801,12.660349",0,4,146
1713091545,2024-04-14T10:45:45Z,SAS909,"55.626701,12.660563",0,3,140
1713091940,2024-04-14T10:52:20Z,SAS909,"55.626572,12.660807",0,3,135
1713091947,2024-04-14T10:52:27Z,SAS909,"55.62648,12.661014",0,5,132
1713091953,2024-04-14T10:52:33Z,SAS909,"55.626366,12.661223",0,5,132
1713091963,2024-04-14T10:52:43Z,SAS909,"55.626163,12.661421",0,6,146
1713091971,2024-04-14T10:52:51Z,SAS909,"55.625942,12.661452",0,6,163
1713091978,2024-04-14T10:52:58Z,SAS909,"55.625721,12.661443",0,7,174
1713091985,2024-04-14T10:53:05Z,SAS909,"55.625484,12.661493",0,8,174
1713091992,2024-04-14T10:53:12Z,SAS909,"55.625267,12.661618",0,7,165
1713091998,2024-04-14T10:53:18Z,SAS909,"55.625118,12.661847",0,6,151
1713092005,2024-04-14T10:53:25Z,SAS909,"55.625011,12.662086",0,5,140
1713092014,2024-04-14T10:53:34Z,SAS909,"55.62484,12.662301",0,6,143
1713092021,2024-04-14T10:53:41Z,SAS909,"55.624615,12.662263",0,7,168
1713092028,2024-04-14T10:53:48Z,SAS909,"55.624409,12.662034",0,7,194
1713092033,2024-04-14T10:53:53Z,SAS909,"55.624306,12.661826",0,7,210
1713092039,2024-04-14T10:53:59Z,SAS909,"55.624191,12.661597",0,8,219
1713092045,2024-04-14T10:54:05Z,SAS909,"55.62402,12.661327",0,9,219
1713092050,2024-04-14T10:54:10Z,SAS909,"55.623859,12.661099",0,9,219
1713092057,2024-04-14T10:54:17Z,SAS909,"55.623642,12.660766",0,10,222
1713092064,2024-04-14T10:54:24Z,SAS909,"55.623379,12.660349",0,10,222
1713092071,2024-04-14T10:54:31Z,SAS909,"55.62315,12.659933",0,10,225
1713092074,2024-04-14T10:54:34Z,SAS909,"55.623058,12.659704",0,10,230
1713092078,2024-04-14T10:54:38Z,SAS909,"55.623001,12.659475",0,11,239
1713092080,2024-04-14T10:54:40Z,SAS909,"55.622974,12.659211",0,11,247
1713092083,2024-04-14T10:54:43Z,SAS909,"55.622978,12.658997",0,10,255
1713092086,2024-04-14T10:54:46Z,SAS909,"55.62299,12.658739",0,10,264
1713092089,2024-04-14T10:54:49Z,SAS909,"55.62299,12.658503",0,9,267
1713092092,2024-04-14T10:54:52Z,SAS909,"55.62299,12.658289",0,8,267
1713092096,2024-04-14T10:54:56Z,SAS909,"55.62299,12.65806",0,7,267
1713092103,2024-04-14T10:55:03Z,SAS909,"55.62299,12.657709",0,5,267
1713092110,2024-04-14T10:55:10Z,SAS909,"55.62299,12.657473",0,4,270
1713092117,2024-04-14T10:55:17Z,SAS909,"55.622978,12.657228",0,4,270
1713092125,2024-04-14T10:55:25Z,SAS909,"55.622974,12.656937",0,5,270
1713092132,2024-04-14T10:55:32Z,SAS909,"55.622978,12.656666",0,5,270
1713092139,2024-04-14T10:55:39Z,SAS909,"55.622967,12.656396",0,5,270
1713092146,2024-04-14T10:55:46Z,SAS909,"55.622967,12.656146",0,5,270
1713092153,2024-04-14T10:55:53Z,SAS909,"55.622963,12.655821",0,6,267
1713092161,2024-04-14T10:56:01Z,SAS909,"55.622952,12.655435",0,7,267
1713092169,2024-04-14T10:56:09Z,SAS909,"55.622952,12.655005",0,7,267
1713092175,2024-04-14T10:56:15Z,SAS909,"55.622944,12.654606",0,8,267
1713092182,2024-04-14T10:56:22Z,SAS909,"55.62294,12.654169",0,8,270
1713092189,2024-04-14T10:56:29Z,SAS909,"55.622932,12.653649",0,10,270
1713092197,2024-04-14T10:56:37Z,SAS909,"55.622929,12.653031",0,10,270
1713092204,2024-04-14T10:56:44Z,SAS909,"55.622894,12.652473",0,10,264
1713092207,2024-04-14T10:56:47Z,SAS909,"55.622852,12.652234",0,9,258
1713092212,2024-04-14T10:56:52Z,SAS909,"55.622696,12.651979",0,10,239
1713092217,2024-04-14T10:56:57Z,SAS909,"55.622475,12.651894",0,10,210
1713092221,2024-04-14T10:57:01Z,SAS909,"55.622269,12.651901",0,9,194
1713092227,2024-04-14T10:57:07Z,SAS909,"55.622017,12.651755",0,10,199
1713092233,2024-04-14T10:57:13Z,SAS909,"55.621811,12.651529",0,11,208
1713092238,2024-04-14T10:57:18Z,SAS909,"55.621582,12.651257",0,11,213
1713092242,2024-04-14T10:57:22Z,SAS909,"55.62141,12.651028",0,12,213
1713092246,2024-04-14T10:57:26Z,SAS909,"55.621227,12.650819",0,12,213
1713092250,2024-04-14T10:57:30Z,SAS909,"55.621033,12.65059",0,13,213
1713092257,2024-04-14T10:57:37Z,SAS909,"55.620697,12.650199",0,13,213
1713092264,2024-04-14T10:57:44Z,SAS909,"55.6203,12.64977",0,14,213
1713092271,2024-04-14T10:57:51Z,SAS909,"55.619938,12.649341",0,13,213
1713092278,2024-04-14T10:57:58Z,SAS909,"55.619556,12.64889",0,14,213
1713092285,2024-04-14T10:58:05Z,SAS909,"55.619183,12.64846",0,14,213
1713092292,2024-04-14T10:58:12Z,SAS909,"55.618786,12.648031",0,14,213
1713092299,2024-04-14T10:58:19Z,SAS909,"55.618389,12.64756",0,14,213
1713092306,2024-04-14T10:58:26Z,SAS909,"55.618011,12.647137",0,15,213
1713092312,2024-04-14T10:58:32Z,SAS909,"55.617657,12.64672",0,15,213
1713092320,2024-04-14T10:58:40Z,SAS909,"55.617176,12.646179",0,14,213
1713092327,2024-04-14T10:58:47Z,SAS909,"55.616833,12.645779",0,10,213
1713092334,2024-04-14T10:58:54Z,SAS909,"55.616604,12.645514",0,6,213
1713092340,2024-04-14T10:59:00Z,SAS909,"55.616512,12.645285",0,6,225
1713092346,2024-04-14T10:59:06Z,SAS909,"55.616482,12.645049",0,6,239
1713092349,2024-04-14T10:59:09Z,SAS909,"55.616482,12.644835",0,7,250
1713092354,2024-04-14T10:59:14Z,SAS909,"55.616501,12.644619",0,7,258
1713092358,2024-04-14T10:59:18Z,SAS909,"55.616493,12.644384",0,7,264
1713092362,2024-04-14T10:59:22Z,SAS909,"55.616501,12.644161",0,8,267
1713092365,2024-04-14T10:59:25Z,SAS909,"55.616493,12.643955",0,8,267
1713092369,2024-04-14T10:59:29Z,SAS909,"55.616478,12.643682",0,7,267
1713092375,2024-04-14T10:59:35Z,SAS909,"55.616467,12.64335",0,6,267
1713092383,2024-04-14T10:59:43Z,SAS909,"55.616467,12.643079",0,4,267
1713092393,2024-04-14T10:59:53Z,SAS909,"55.616455,12.642871",0,2,267
1713092402,2024-04-14T11:00:02Z,SAS909,"55.616447,12.642668",0,3,267
1713092410,2024-04-14T11:00:10Z,SAS909,"55.616432,12.642455",0,4,267
1713092417,2024-04-14T11:00:17Z,SAS909,"55.616432,12.642205",0,4,267
1713092424,2024-04-14T11:00:24Z,SAS909,"55.616421,12.641934",0,5,267
1713092431,2024-04-14T11:00:31Z,SAS909,"55.616409,12.641685",0,5,267
1713092438,2024-04-14T11:00:38Z,SAS909,"55.61639,12.641315",0,6,264
1713092445,2024-04-14T11:00:45Z,SAS909,"55.616364,12.640998",0,6,264
1713092449,2024-04-14T11:00:49Z,SAS909,"55.616318,12.640779",0,7,258
1713092454,2024-04-14T11:00:54Z,SAS909,"55.616203,12.640564",0,7,241
1713092461,2024-04-14T11:01:01Z,SAS909,"55.616028,12.64035",0,7,225
1713092466,2024-04-14T11:01:06Z,SAS909,"55.615883,12.640145",0,8,222
1713092473,2024-04-14T11:01:13Z,SAS909,"55.615528,12.639604",0,28,222
1713092474,2024-04-14T11:01:14Z,SAS909,"55.615391,12.639375",0,33,222
1713092475,2024-04-14T11:01:15Z,SAS909,"55.615185,12.639063",0,40,222
1713092477,2024-04-14T11:01:17Z,SAS909,"55.614956,12.63872",0,47,222
1713092478,2024-04-14T11:01:18Z,SAS909,"55.614761,12.63844",0,51,222
1713092479,2024-04-14T11:01:19Z,SAS909,"55.614487,12.638022",0,57,222
1713092480,2024-04-14T11:01:20Z,SAS909,"55.614361,12.637815",0,60,222
1713092481,2024-04-14T11:01:21Z,SAS909,"55.61404,12.637315",0,65,222
1713092489,2024-04-14T11:01:29Z,SAS909,"55.611832,12.633945",75,94,221
1713092498,2024-04-14T11:01:38Z,SAS909,"55.608765,12.629117",50,122,221
1713092508,2024-04-14T11:01:48Z,SAS909,"55.604004,12.621793",50,141,220
1713092516,2024-04-14T11:01:56Z,SAS909,"55.599792,12.615134",400,142,222
1713092525,2024-04-14T11:02:05Z,SAS909,"55.59557,12.608442",850,136,221
1713092534,2024-04-14T11:02:14Z,SAS909,"55.591053,12.601748",1250,136,219
1713092543,2024-04-14T11:02:23Z,SAS909,"55.5867,12.59516",1450,143,221
1713092552,2024-04-14T11:02:32Z,SAS909,"55.581928,12.587671",1575,156,222
1713092561,2024-04-14T11:02:41Z,SAS909,"55.5769,12.579346",1700,169,224
1713092564,2024-04-14T11:02:44Z,SAS909,"55.575256,12.576516",1750,173,225
1713092567,2024-04-14T11:02:47Z,SAS909,"55.573471,12.57327",1800,178,225
1713092570,2024-04-14T11:02:50Z,SAS909,"55.571732,12.570024",1850,183,226
1713092573,2024-04-14T11:02:53Z,SAS909,"55.570038,12.566861",1900,187,226
1713092576,2024-04-14T11:02:56Z,SAS909,"55.568207,12.563449",1950,191,226
1713092579,2024-04-14T11:02:59Z,SAS909,"55.566288,12.559776",2000,196,228
1713092582,2024-04-14T11:03:02Z,SAS909,"55.564636,12.556291",2050,198,232
1713092585,2024-04-14T11:03:05Z,SAS909,"55.562897,12.55188",2100,201,237
1713092589,2024-04-14T11:03:09Z,SAS909,"55.561493,12.547331",2150,204,244
1713092591,2024-04-14T11:03:11Z,SAS909,"55.560562,12.543473",2200,206,250
1713092594,2024-04-14T11:03:14Z,SAS909,"55.559677,12.537889",2275,210,257
1713092598,2024-04-14T11:03:18Z,SAS909,"55.559212,12.532568",2325,213,263
1713092601,2024-04-14T11:03:21Z,SAS909,"55.559071,12.528105",2400,218,270
1713092604,2024-04-14T11:03:24Z,SAS909,"55.559258,12.522097",2450,222,276
1713092607,2024-04-14T11:03:27Z,SAS909,"55.559784,12.51659",2525,226,281
1713092610,2024-04-14T11:03:30Z,SAS909,"55.560516,12.511196",2600,230,285
1713092613,2024-04-14T11:03:33Z,SAS909,"55.561214,12.507162",2650,233,289
1713092616,2024-04-14T11:03:36Z,SAS909,"55.562611,12.500896",2775,235,295
1713092619,2024-04-14T11:03:39Z,SAS909,"55.56424,12.495489",2900,238,300
1713092622,2024-04-14T11:03:42Z,SAS909,"55.56601,12.490768",3025,240,306
1713092625,2024-04-14T11:03:45Z,SAS909,"55.56839,12.485712",3200,242,312
1713092627,2024-04-14T11:03:47Z,SAS909,"55.570587,12.481717",3300,245,315
1713092631,2024-04-14T11:03:51Z,SAS909,"55.573196,12.477472",3450,247,319
1713092634,2024-04-14T11:03:54Z,SAS909,"55.576157,12.473087",3600,248,319
1713092637,2024-04-14T11:03:57Z,SAS909,"55.578598,12.469399",3725,248,318
1713092640,2024-04-14T11:04:00Z,SAS909,"55.580997,12.46562",3875,247,317
1713092643,2024-04-14T11:04:03Z,SAS909,"55.583557,12.4615",4000,249,317
1713092646,2024-04-14T11:04:06Z,SAS909,"55.585701,12.457895",4100,249,316
1713092649,2024-04-14T11:04:09Z,SAS909,"55.588852,12.45267",4275,250,316
1713092652,2024-04-14T11:04:12Z,SAS909,"55.591461,12.448258",4400,250,315
1713092661,2024-04-14T11:04:21Z,SAS909,"55.598831,12.435275",4825,251,315
1713092664,2024-04-14T11:04:24Z,SAS909,"55.601063,12.431288",4975,251,314
1713092673,2024-04-14T11:04:33Z,SAS909,"55.608582,12.41763",5400,253,314
1713092688,2024-04-14T11:04:48Z,SAS909,"55.621357,12.393694",5625,272,312
1713092700,2024-04-14T11:05:00Z,SAS909,"55.631836,12.373602",5775,287,313
1713092716,2024-04-14T11:05:16Z,SAS909,"55.646309,12.34683",6000,304,314
1713092731,2024-04-14T11:05:31Z,SAS909,"55.661442,12.31988",6525,310,315
1713092746,2024-04-14T11:05:46Z,SAS909,"55.677128,12.292585",7125,311,315
1713092762,2024-04-14T11:06:02Z,SAS909,"55.693283,12.264948",7800,314,316
1713092776,2024-04-14T11:06:16Z,SAS909,"55.708786,12.238437",8325,317,315
1713092791,2024-04-14T11:06:31Z,SAS909,"55.724564,12.21139",8975,318,315
1713092806,2024-04-14T11:06:46Z,SAS909,"55.740601,12.183755",9475,325,315
1713092822,2024-04-14T11:07:02Z,SAS909,"55.757431,12.15457",10075,328,315
1713092837,2024-04-14T11:07:17Z,SAS909,"55.773537,12.126589",10600,331,315
1713092852,2024-04-14T11:07:32Z,SAS909,"55.790176,12.097611",11225,334,315
1713092867,2024-04-14T11:07:47Z,SAS909,"55.807148,12.068138",11675,339,315
1713092882,2024-04-14T11:08:02Z,SAS909,"55.823814,12.039213",12350,336,315
1713092912,2024-04-14T11:08:32Z,SAS909,"55.857239,11.980934",13425,341,315
1713092946,2024-04-14T11:09:06Z,SAS909,"55.894852,11.915274",14800,341,315
1713092976,2024-04-14T11:09:36Z,SAS909,"55.929161,11.855192",15825,345,315
1713093010,2024-04-14T11:10:10Z,SAS909,"55.968079,11.786613",16825,352,315
1713093043,2024-04-14T11:10:43Z,SAS909,"56.005974,11.719923",17825,355,315
1713093073,2024-04-14T11:11:13Z,SAS909,"56.042358,11.655662",18675,359,315
1713093107,2024-04-14T11:11:47Z,SAS909,"56.08049,11.588162",19625,362,315
1713093140,2024-04-14T11:12:20Z,SAS909,"56.120956,11.516169",20425,370,315
1713093171,2024-04-14T11:12:51Z,SAS909,"56.159084,11.448097",21125,375,315
1713093204,2024-04-14T11:13:24Z,SAS909,"56.199646,11.375677",21900,380,315
1713093237,2024-04-14T11:13:57Z,SAS909,"56.240936,11.301519",22625,385,314
1713093269,2024-04-14T11:14:29Z,SAS909,"56.282593,11.226612",23275,392,314
1713093304,2024-04-14T11:15:04Z,SAS909,"56.326355,11.147544",24000,396,314
1713093337,2024-04-14T11:15:37Z,SAS909,"56.371502,11.072159",24700,404,322
1713093343,2024-04-14T11:15:43Z,SAS909,"56.380299,11.0604",24850,407,324
1713093346,2024-04-14T11:15:46Z,SAS909,"56.384811,11.05466",24925,407,324
1713093349,2024-04-14T11:15:49Z,SAS909,"56.389526,11.048751",25000,408,325
1713093382,2024-04-14T11:16:22Z,SAS909,"56.441795,10.984783",25675,412,325
1713093412,2024-04-14T11:16:52Z,SAS909,"56.489185,10.926933",26250,416,326
1713093445,2024-04-14T11:17:25Z,SAS909,"56.542648,10.862565",26625,424,326
1713093478,2024-04-14T11:17:58Z,SAS909,"56.595978,10.798231",27275,424,326
1713093509,2024-04-14T11:18:29Z,SAS909,"56.645927,10.737806",27950,422,326
1713093542,2024-04-14T11:19:02Z,SAS909,"56.70002,10.672243",28325,430,326
1713093575,2024-04-14T11:19:35Z,SAS909,"56.755371,10.604725",28650,435,326
1713093608,2024-04-14T11:20:08Z,SAS909,"56.811142,10.536952",29200,434,326
1713093629,2024-04-14T11:20:29Z,SAS909,"56.843948,10.491428",29675,423,316
1713093632,2024-04-14T11:20:32Z,SAS909,"56.848206,10.483875",29700,422,315
1713093635,2024-04-14T11:20:35Z,SAS909,"56.852291,10.476084",29750,422,313
1713093638,2024-04-14T11:20:38Z,SAS909,"56.856438,10.467933",29775,421,312
1713093641,2024-04-14T11:20:41Z,SAS909,"56.860252,10.460136",29800,422,311
1713093644,2024-04-14T11:20:44Z,SAS909,"56.864025,10.452428",29825,422,311
1713093647,2024-04-14T11:20:47Z,SAS909,"56.868256,10.443707",29825,424,311
1713093681,2024-04-14T11:21:21Z,SAS909,"56.912903,10.354792",30025,434,313
1713093714,2024-04-14T11:21:54Z,SAS909,"56.958069,10.267839",30350,437,313
1713093747,2024-04-14T11:22:27Z,SAS909,"57.004288,10.177858",30725,440,313
1713093780,2024-04-14T11:23:00Z,SAS909,"57.05072,10.086994",31350,436,313
1713093813,2024-04-14T11:23:33Z,SAS909,"57.095764,9.998159",31650,439,312
1713093844,2024-04-14T11:24:04Z,SAS909,"57.138016,9.914389",32025,442,312
1713093877,2024-04-14T11:24:37Z,SAS909,"57.183517,9.824181",32375,446,312
1713093908,2024-04-14T11:25:08Z,SAS909,"57.227371,9.736891",32925,443,312
1713093938,2024-04-14T11:25:38Z,SAS909,"57.26976,9.65209",33475,442,312
1713093970,2024-04-14T11:26:10Z,SAS909,"57.312927,9.565573",33825,444,312
1713094003,2024-04-14T11:26:43Z,SAS909,"57.358829,9.47305",34200,445,312
1713094036,2024-04-14T11:27:16Z,SAS909,"57.405472,9.378692",34675,447,312
1713094069,2024-04-14T11:27:49Z,SAS909,"57.451794,9.284688",34925,452,312
1713094103,2024-04-14T11:28:23Z,SAS909,"57.498047,9.190235",35200,456,312
1713094136,2024-04-14T11:28:56Z,SAS909,"57.545269,9.093667",35625,455,312
1713094168,2024-04-14T11:29:28Z,SAS909,"57.591476,8.998661",35900,458,312
1713094202,2024-04-14T11:30:02Z,SAS909,"57.638885,8.900698",36250,458,311
1713094235,2024-04-14T11:30:35Z,SAS909,"57.685623,8.803947",36775,454,311
1713094268,2024-04-14T11:31:08Z,SAS909,"57.732037,8.707214",36975,456,311
1713094300,2024-04-14T11:31:40Z,SAS909,"57.777287,8.61264",37125,458,311
1713094334,2024-04-14T11:32:14Z,SAS909,"57.824066,8.514582",37450,458,311
1713094364,2024-04-14T11:32:44Z,SAS909,"57.866852,8.424408",37725,456,311
1713094398,2024-04-14T11:33:18Z,SAS909,"57.913776,8.324982",38000,455,311
1713094431,2024-04-14T11:33:51Z,SAS909,"57.960022,8.226722",38000,454,311
1713094461,2024-04-14T11:34:21Z,SAS909,"58.001945,8.137299",38000,456,311
1713094495,2024-04-14T11:34:55Z,SAS909,"58.04837,8.037916",38000,456,311
1713094528,2024-04-14T11:35:28Z,SAS909,"58.095005,7.937531",38000,457,311
1713094558,2024-04-14T11:35:58Z,SAS909,"58.136948,7.846893",38000,456,311
1713094592,2024-04-14T11:36:32Z,SAS909,"58.183361,7.746094",38000,456,311
1713094625,2024-04-14T11:37:05Z,SAS909,"58.229416,7.645864",38000,457,310
1713094655,2024-04-14T11:37:35Z,SAS909,"58.270832,7.555115",38000,456,310
1713094688,2024-04-14T11:38:08Z,SAS909,"58.315659,7.456793",38000,456,310
1713094721,2024-04-14T11:38:41Z,SAS909,"58.361378,7.355804",38000,456,310
1713094751,2024-04-14T11:39:11Z,SAS909,"58.402901,7.263885",38000,454,310
1713094784,2024-04-14T11:39:44Z,SAS909,"58.448338,7.162903",38000,456,310
1713094818,2024-04-14T11:40:18Z,SAS909,"58.494514,7.059631",38025,462,310
1713094848,2024-04-14T11:40:48Z,SAS909,"58.536087,6.966339",38000,461,310
1713094881,2024-04-14T11:41:21Z,SAS909,"58.581802,6.863342",38000,463,310
1713094912,2024-04-14T11:41:52Z,SAS909,"58.623791,6.768402",38000,464,310
1713094945,2024-04-14T11:42:25Z,SAS909,"58.669365,6.664856",38000,464,310
1713094978,2024-04-14T11:42:58Z,SAS909,"58.715561,6.559281",38000,462,310
1713095009,2024-04-14T11:43:29Z,SAS909,"58.757118,6.464264",38000,464,310
1713095042,2024-04-14T11:44:02Z,SAS909,"58.802879,6.358704",38000,466,309
1713095072,2024-04-14T11:44:32Z,SAS909,"58.844513,6.262384",38000,468,309
1713095106,2024-04-14T11:45:06Z,SAS909,"58.89072,6.15509",38000,466,309
1713095138,2024-04-14T11:45:38Z,SAS909,"58.936066,6.049438",38000,470,309
1713095169,2024-04-14T11:46:09Z,SAS909,"58.978271,5.95047",38000,471,309
1713095203,2024-04-14T11:46:43Z,SAS909,"59.024323,5.842163",38000,470,309
1713095236,2024-04-14T11:47:16Z,SAS909,"59.069763,5.734768",38000,468,309
1713095265,2024-04-14T11:47:45Z,SAS909,"59.110729,5.637407",38000,468,309
1713095299,2024-04-14T11:48:19Z,SAS909,"59.157047,5.526881",38000,466,309
1713095333,2024-04-14T11:48:53Z,SAS909,"59.201412,5.420522",38000,466,309
1713095366,2024-04-14T11:49:26Z,SAS909,"59.24707,5.310699",38000,465,309
1713095399,2024-04-14T11:49:59Z,SAS909,"59.291428,5.203308",38000,464,308
1713095432,2024-04-14T11:50:32Z,SAS909,"59.336182,5.094341",38000,464,308
1713095462,2024-04-14T11:51:02Z,SAS909,"59.376682,4.995654",38000,464,308
1713095495,2024-04-14T11:51:35Z,SAS909,"59.420425,4.888641",38000,463,308
1713095527,2024-04-14T11:52:07Z,SAS909,"59.462479,4.78483",38000,462,308
1713095557,2024-04-14T11:52:37Z,SAS909,"59.503025,4.684343",38000,463,308
1713095591,2024-04-14T11:53:11Z,SAS909,"59.547546,4.5737",38000,465,308
1713095622,2024-04-14T11:53:42Z,SAS909,"59.588261,4.472288",38000,465,308
1713095654,2024-04-14T11:54:14Z,SAS909,"59.631786,4.362898",38000,466,308
1713095688,2024-04-14T11:54:48Z,SAS909,"59.67601,4.251709",38000,466,307
1713095721,2024-04-14T11:55:21Z,SAS909,"59.71994,4.140472",38000,465,307
1713095752,2024-04-14T11:55:52Z,SAS909,"59.760223,4.037949",38000,467,307
1713095784,2024-04-14T11:56:24Z,SAS909,"59.802841,3.929077",38000,467,307
1713095817,2024-04-14T11:56:57Z,SAS909,"59.846581,3.816802",38000,468,307
1713095850,2024-04-14T11:57:30Z,SAS909,"59.890244,3.704097",38000,469,307
1713095881,2024-04-14T11:58:01Z,SAS909,"59.930145,3.600769",38000,470,307
1713095914,2024-04-14T11:58:34Z,SAS909,"59.975006,3.483897",38000,469,307
1713095944,2024-04-14T11:59:04Z,SAS909,"60.014168,3.381435",38000,469,307
1713095977,2024-04-14T11:59:37Z,SAS909,"60.058159,3.265882",38000,471,307
1713096011,2024-04-14T12:00:11Z,SAS909,"60.102058,3.149839",38000,472,307
1713096041,2024-04-14T12:00:41Z,SAS909,"60.141907,3.04416",38000,473,307
1713096075,2024-04-14T12:01:15Z,SAS909,"60.186176,2.926091",38000,475,306
1713096105,2024-04-14T12:01:45Z,SAS909,"60.225998,2.819414",38000,475,306
1713096138,2024-04-14T12:02:18Z,SAS909,"60.268204,2.705667",38000,472,306
1713096168,2024-04-14T12:02:48Z,SAS909,"60.308006,2.598169",38000,474,306
1713096201,2024-04-14T12:03:21Z,SAS909,"60.351254,2.480556",38000,476,306
1713096232,2024-04-14T12:03:52Z,SAS909,"60.391705,2.370006",38000,476,306
1713096264,2024-04-14T12:04:24Z,SAS909,"60.432858,2.256906",38000,478,306
1713096294,2024-04-14T12:04:54Z,SAS909,"60.472641,2.147354",38000,478,306
1713096325,2024-04-14T12:05:25Z,SAS909,"60.512695,2.036296",38000,478,306
1713096359,2024-04-14T12:05:59Z,SAS909,"60.556274,1.914936",38000,477,306
1713096390,2024-04-14T12:06:30Z,SAS909,"60.596329,1.8028",38000,476,306
1713096421,2024-04-14T12:07:01Z,SAS909,"60.636292,1.690474",38000,478,305
1713096453,2024-04-14T12:07:33Z,SAS909,"60.677582,1.573697",38000,479,305
1713096484,2024-04-14T12:08:04Z,SAS909,"60.717293,1.461084",38000,479,305
1713096515,2024-04-14T12:08:35Z,SAS909,"60.757187,1.347056",38000,480,305
1713096546,2024-04-14T12:09:06Z,SAS909,"60.797424,1.2317",38000,481,305
1713096579,2024-04-14T12:09:39Z,SAS909,"60.839863,1.109227",38000,479,305
1713096609,2024-04-14T12:10:09Z,SAS909,"60.878548,0.997205",38000,478,305
1713096643,2024-04-14T12:10:43Z,SAS909,"60.921249,0.872561",38000,478,305
1713096675,2024-04-14T12:11:15Z,SAS909,"60.962204,0.75276",38000,479,304
1713096706,2024-04-14T12:11:46Z,SAS909,"61.000935,0.638776",38000,480,304
1713096737,2024-04-14T12:12:17Z,SAS909,"61.039764,0.524029",38000,478,304
1713096770,2024-04-14T12:12:50Z,SAS909,"61.081558,0.399628",38000,478,304
1713096801,2024-04-14T12:13:21Z,SAS909,"61.120296,0.284017",38000,476,304
1713096831,2024-04-14T12:13:51Z,SAS909,"61.158005,0.17068",38000,475,304
1713096865,2024-04-14T12:14:25Z,SAS909,"61.200272,0.043233",38000,476,304
1713096896,2024-04-14T12:14:56Z,SAS909,"61.241283,-0.066935",38000,479,310
1713096927,2024-04-14T12:15:27Z,SAS909,"61.283787,-0.179443",38000,478,304
1713096958,2024-04-14T12:15:58Z,SAS909,"61.318222,-0.300162",38000,476,297
1713096991,2024-04-14T12:16:31Z,SAS909,"61.349258,-0.437982",38000,473,294
1713097022,2024-04-14T12:17:02Z,SAS909,"61.377182,-0.56403",38000,472,295
1713097055,2024-04-14T12:17:35Z,SAS909,"61.40799,-0.702413",38000,475,294
1713097086,2024-04-14T12:18:06Z,SAS909,"61.435684,-0.828977",38000,476,294
1713097119,2024-04-14T12:18:39Z,SAS909,"61.466412,-0.970154",38000,476,294
1713097149,2024-04-14T12:19:09Z,SAS909,"61.493504,-1.095479",38000,475,294
1713097183,2024-04-14T12:19:43Z,SAS909,"61.523716,-1.236064",38000,477,294
1713097214,2024-04-14T12:20:14Z,SAS909,"61.551727,-1.367209",38000,478,294
1713097245,2024-04-14T12:20:45Z,SAS909,"61.579239,-1.496789",38000,477,293
1713097278,2024-04-14T12:21:18Z,SAS909,"61.608719,-1.636669",38000,476,293
1713097309,2024-04-14T12:21:49Z,SAS909,"61.636139,-1.767782",38000,477,293
1713097342,2024-04-14T12:22:22Z,SAS909,"61.665607,-1.909587",38000,477,293
1713097373,2024-04-14T12:22:53Z,SAS909,"61.692398,-2.039141",38000,476,293
1713097403,2024-04-14T12:23:23Z,SAS909,"61.719051,-2.168986",38000,473,293
1713097437,2024-04-14T12:23:57Z,SAS909,"61.748005,-2.310893",38000,472,293
1713097468,2024-04-14T12:24:28Z,SAS909,"61.773983,-2.439168",38000,471,293
1713097498,2024-04-14T12:24:58Z,SAS909,"61.800423,-2.570394",38000,472,293
1713097532,2024-04-14T12:25:32Z,SAS909,"61.829086,-2.713819",38000,474,292
1713097562,2024-04-14T12:26:02Z,SAS909,"61.854538,-2.842026",38000,476,292
1713097596,2024-04-14T12:26:36Z,SAS909,"61.882683,-2.984517",38000,477,292
1713097629,2024-04-14T12:27:09Z,SAS909,"61.911217,-3.130188",38000,479,292
1713097663,2024-04-14T12:27:43Z,SAS909,"61.939316,-3.27471",38000,478,292
1713097696,2024-04-14T12:28:16Z,SAS909,"61.967033,-3.418274",38000,476,292
1713097726,2024-04-14T12:28:46Z,SAS909,"61.992279,-3.549859",38000,475,292
1713097760,2024-04-14T12:29:20Z,SAS909,"62.019791,-3.694447",38000,474,292
1713097793,2024-04-14T12:29:53Z,SAS909,"62.046917,-3.837789",38000,476,292
1713097824,2024-04-14T12:30:24Z,SAS909,"62.071964,-3.971252",38000,478,291
1713097855,2024-04-14T12:30:55Z,SAS909,"62.097195,-4.106649",38000,479,291
1713097887,2024-04-14T12:31:27Z,SAS909,"62.123775,-4.250692",38000,480,291
1713097920,2024-04-14T12:32:00Z,SAS909,"62.150032,-4.393369",38000,479,291
1713097950,2024-04-14T12:32:30Z,SAS909,"62.173965,-4.524333",38000,477,291
1713097982,2024-04-14T12:33:02Z,SAS909,"62.199421,-4.664541",38000,477,291
1713098013,2024-04-14T12:33:33Z,SAS909,"62.223862,-4.800708",38000,477,291
1713098045,2024-04-14T12:34:05Z,SAS909,"62.249542,-4.94456",38000,478,290
1713098078,2024-04-14T12:34:38Z,SAS909,"62.275677,-5.091846",38000,479,290
1713098111,2024-04-14T12:35:11Z,SAS909,"62.300812,-5.234985",38000,479,290
1713098143,2024-04-14T12:35:43Z,SAS909,"62.325714,-5.377401",38000,480,290
1713098174,2024-04-14T12:36:14Z,SAS909,"62.350113,-5.518412",38000,480,290
1713098206,2024-04-14T12:36:46Z,SAS909,"62.374649,-5.661214",38000,481,290
1713098239,2024-04-14T12:37:19Z,SAS909,"62.399506,-5.806885",38000,481,290
1713098271,2024-04-14T12:37:51Z,SAS909,"62.423851,-5.95047",38000,481,290
1713098302,2024-04-14T12:38:22Z,SAS909,"62.447433,-6.091207",38000,479,289
1713098334,2024-04-14T12:38:54Z,SAS909,"62.471191,-6.233419",38000,479,289
1713098366,2024-04-14T12:39:26Z,SAS909,"62.494904,-6.376852",38000,478,289
1713098396,2024-04-14T12:39:56Z,SAS909,"62.517471,-6.514384",38000,477,289
1713098429,2024-04-14T12:40:29Z,SAS909,"62.540977,-6.658666",38000,475,289
1713098460,2024-04-14T12:41:00Z,SAS909,"62.564072,-6.801351",38000,477,289
1713098494,2024-04-14T12:41:34Z,SAS909,"62.588554,-6.953923",38000,479,289
1713098526,2024-04-14T12:42:06Z,SAS909,"62.611313,-7.097372",38000,481,288
1713098557,2024-04-14T12:42:37Z,SAS909,"62.633469,-7.23765",38000,480,288
1713098588,2024-04-14T12:43:08Z,SAS909,"62.655727,-7.380066",38000,479,288
1713098619,2024-04-14T12:43:39Z,SAS909,"62.678074,-7.523839",38000,478,288
1713098651,2024-04-14T12:44:11Z,SAS909,"62.69989,-7.665507",38000,476,288
1713098684,2024-04-14T12:44:44Z,SAS909,"62.723274,-7.818674",38000,476,288
1713099671,2024-04-14T13:01:11Z,SAS909,"63.099632,-12.50021",37996,473,281
1713100097,2024-04-14T13:08:17Z,SAS909,"63.121033,-14.564006",38000,482,270
1713100128,2024-04-14T13:08:48Z,SAS909,"63.121399,-14.716187",38000,482,270
1713100160,2024-04-14T13:09:20Z,SAS909,"63.121624,-14.869361",38000,481,270
1713100191,2024-04-14T13:09:51Z,SAS909,"63.121674,-15.021057",38000,480,270
1713100221,2024-04-14T13:10:21Z,SAS909,"63.121582,-15.170491",38000,479,269
1713100253,2024-04-14T13:10:53Z,SAS909,"63.121296,-15.324026",38000,481,269
1713100284,2024-04-14T13:11:24Z,SAS909,"63.120876,-15.4753",38000,481,269
1713100315,2024-04-14T13:11:55Z,SAS909,"63.1203,-15.627034",38000,480,269
1713100346,2024-04-14T13:12:26Z,SAS909,"63.119522,-15.7783",38000,478,269
1713100377,2024-04-14T13:12:57Z,SAS909,"63.118652,-15.930379",38000,477,269
1713100409,2024-04-14T13:13:29Z,SAS909,"63.117554,-16.085714",38000,477,269
1713100440,2024-04-14T13:14:00Z,SAS909,"63.116272,-16.235758",38000,478,268
1713100474,2024-04-14T13:14:34Z,SAS909,"63.114731,-16.403749",38000,480,268
1713100506,2024-04-14T13:15:06Z,SAS909,"63.113152,-16.557558",38000,479,268
1713100538,2024-04-14T13:15:38Z,SAS909,"63.111286,-16.71591",38000,479,268
1713100570,2024-04-14T13:16:10Z,SAS909,"63.109333,-16.871408",38000,481,268
1713100602,2024-04-14T13:16:42Z,SAS909,"63.107193,-17.025957",38000,480,268
1713100632,2024-04-14T13:17:12Z,SAS909,"63.105011,-17.175497",38000,478,268
1713100664,2024-04-14T13:17:44Z,SAS909,"63.102539,-17.330729",38000,477,267
1713100696,2024-04-14T13:18:16Z,SAS909,"63.09993,-17.482504",38000,476,267
1713100726,2024-04-14T13:18:46Z,SAS909,"63.097275,-17.630098",38000,477,267
1713100757,2024-04-14T13:19:17Z,SAS909,"63.094391,-17.781067",38000,478,267
1713100789,2024-04-14T13:19:49Z,SAS909,"63.091324,-17.934366",38000,479,267
1713100820,2024-04-14T13:20:20Z,SAS909,"63.08812,-18.084818",38000,480,267
1713100851,2024-04-14T13:20:51Z,SAS909,"63.084751,-18.235931",38000,481,267
1713100882,2024-04-14T13:21:22Z,SAS909,"63.081215,-18.386889",38000,481,267
1713100915,2024-04-14T13:21:55Z,SAS909,"63.077271,-18.548788",38000,482,266
1713100946,2024-04-14T13:22:26Z,SAS909,"63.073299,-18.702427",38000,484,266
1713100979,2024-04-14T13:22:59Z,SAS909,"63.069077,-18.86149",38000,484,266
1713101010,2024-04-14T13:23:30Z,SAS909,"63.064827,-19.014164",38000,486,266
1713101040,2024-04-14T13:24:00Z,SAS909,"63.060425,-19.165649",38000,487,266
1713101072,2024-04-14T13:24:32Z,SAS909,"63.055801,-19.320475",38000,488,266
1713101105,2024-04-14T13:25:05Z,SAS909,"63.050583,-19.487316",38000,488,266
1713101136,2024-04-14T13:25:36Z,SAS909,"63.045639,-19.639383",38000,486,265
1713101170,2024-04-14T13:26:10Z,SAS909,"63.040108,-19.805075",38000,483,265
1713101202,2024-04-14T13:26:42Z,SAS909,"63.034756,-19.960361",38000,481,265
1713101233,2024-04-14T13:27:13Z,SAS909,"63.026917,-20.111593",38000,479,261
1713101264,2024-04-14T13:27:44Z,SAS909,"63.01712,-20.26174",38000,477,262
1713101297,2024-04-14T13:28:17Z,SAS909,"63.007149,-20.417246",38000,478,261
1713101327,2024-04-14T13:28:47Z,SAS909,"62.997562,-20.565561",38000,480,261
1713101358,2024-04-14T13:29:18Z,SAS909,"62.98774,-20.713243",38000,482,261
1713101389,2024-04-14T13:29:49Z,SAS909,"62.977524,-20.864462",38000,480,261
1713101423,2024-04-14T13:30:23Z,SAS909,"62.966415,-21.02667",38000,479,261
1713101454,2024-04-14T13:30:54Z,SAS909,"62.956009,-21.175842",38000,479,261
1713101485,2024-04-14T13:31:25Z,SAS909,"62.945709,-21.321106",38000,479,261
1713101516,2024-04-14T13:31:56Z,SAS909,"62.934814,-21.472269",38000,480,260
1713101547,2024-04-14T13:32:27Z,SAS909,"62.923965,-21.620584",38000,480,260
1713101576,2024-04-14T13:32:56Z,SAS909,"62.913528,-21.761169",38000,480,260
1713101609,2024-04-14T13:33:29Z,SAS909,"62.901943,-21.915823",38000,480,260
1713101641,2024-04-14T13:34:01Z,SAS909,"62.890213,-22.068682",38000,481,260
1713101672,2024-04-14T13:34:32Z,SAS909,"62.878647,-22.217916",38000,481,260
1713101703,2024-04-14T13:35:03Z,SAS909,"62.866974,-22.366537",38000,481,260
1713101734,2024-04-14T13:35:34Z,SAS909,"62.855118,-22.515055",38000,479,260
1713101765,2024-04-14T13:36:05Z,SAS909,"62.843193,-22.662682",38000,478,259
1713101796,2024-04-14T13:36:36Z,SAS909,"62.831268,-22.807821",38000,476,259
1713101827,2024-04-14T13:37:07Z,SAS909,"62.818863,-22.956644",38000,475,259
1713101859,2024-04-14T13:37:39Z,SAS909,"62.806137,-23.108368",38000,474,259
1713101890,2024-04-14T13:38:10Z,SAS909,"62.79385,-23.252352",38000,474,259
1713101921,2024-04-14T13:38:41Z,SAS909,"62.781281,-23.397499",38000,474,259
1713101952,2024-04-14T13:39:12Z,SAS909,"62.76857,-23.542645",38000,474,259
1713101982,2024-04-14T13:39:42Z,SAS909,"62.755909,-23.68515",38000,475,259
1713102016,2024-04-14T13:40:16Z,SAS909,"62.741547,-23.84491",38000,476,258
1713102050,2024-04-14T13:40:50Z,SAS909,"62.727371,-24.000795",38000,478,258
1713102080,2024-04-14T13:41:20Z,SAS909,"62.714012,-24.145836",38000,479,258
1713102111,2024-04-14T13:41:51Z,SAS909,"62.700417,-24.291616",38000,479,258
1713102145,2024-04-14T13:42:25Z,SAS909,"62.685287,-24.451599",38000,477,258
1713102176,2024-04-14T13:42:56Z,SAS909,"62.671921,-24.59137",38000,475,258
1713102210,2024-04-14T13:43:30Z,SAS909,"62.656128,-24.754129",38000,473,258
1713102241,2024-04-14T13:44:01Z,SAS909,"62.642181,-24.896498",38000,471,257
1713102273,2024-04-14T13:44:33Z,SAS909,"62.627377,-25.045765",38000,468,257
1713102306,2024-04-14T13:45:06Z,SAS909,"62.612503,-25.194092",38000,464,257
1713102337,2024-04-14T13:45:37Z,SAS909,"62.598129,-25.335897",38000,462,257
1713102371,2024-04-14T13:46:11Z,SAS909,"62.582703,-25.486044",38000,460,257
1713102400,2024-04-14T13:46:40Z,SAS909,"62.568924,-25.618896",38000,460,257
1713102435,2024-04-14T13:47:15Z,SAS909,"62.552444,-25.776163",38000,461,257
1713102467,2024-04-14T13:47:47Z,SAS909,"62.537384,-25.918173",38000,462,257
1713102498,2024-04-14T13:48:18Z,SAS909,"62.522217,-26.059359",38000,465,256
1713102532,2024-04-14T13:48:52Z,SAS909,"62.505798,-26.211039",38000,467,256
1713102563,2024-04-14T13:49:23Z,SAS909,"62.49028,-26.353048",38000,467,256
1713102595,2024-04-14T13:49:55Z,SAS909,"62.474407,-26.496172",38000,467,256
1713102625,2024-04-14T13:50:25Z,SAS909,"62.459015,-26.634012",38000,467,256
1713102656,2024-04-14T13:50:56Z,SAS909,"62.443077,-26.775267",38000,468,256
1713102687,2024-04-14T13:51:27Z,SAS909,"62.427063,-26.915976",38000,470,256
1713102719,2024-04-14T13:51:59Z,SAS909,"62.410816,-27.056684",38000,469,255
1713102752,2024-04-14T13:52:32Z,SAS909,"62.39336,-27.206902",38000,468,255
1713102785,2024-04-14T13:53:05Z,SAS909,"62.375702,-27.357178",38000,466,255
1713102817,2024-04-14T13:53:37Z,SAS909,"62.358631,-27.500893",38000,463,255
1713102849,2024-04-14T13:54:09Z,SAS909,"62.341919,-27.640076",38000,461,255
1713102880,2024-04-14T13:54:40Z,SAS909,"62.325027,-27.780252",38000,460,255
1713102911,2024-04-14T13:55:11Z,SAS909,"62.308586,-27.914782",38000,458,255
1713102943,2024-04-14T13:55:43Z,SAS909,"62.291409,-28.053905",38000,457,255
1713102973,2024-04-14T13:56:13Z,SAS909,"62.274696,-28.188276",38000,457,254
1713103005,2024-04-14T13:56:45Z,SAS909,"62.257324,-28.32662",38000,455,254
1713103036,2024-04-14T13:57:16Z,SAS909,"62.240158,-28.461609",38000,457,254
1713103068,2024-04-14T13:57:48Z,SAS909,"62.222794,-28.598362",38000,456,254
1713103102,2024-04-14T13:58:22Z,SAS909,"62.203659,-28.747101",38000,453,254
1713103133,2024-04-14T13:58:53Z,SAS909,"62.186016,-28.882423",38000,453,254
1713103165,2024-04-14T13:59:25Z,SAS909,"62.168335,-29.016928",38000,455,254
1713103194,2024-04-14T13:59:54Z,SAS909,"62.151333,-29.145672",38000,456,254
1713103227,2024-04-14T14:00:27Z,SAS909,"62.132339,-29.287649",38000,456,254
1713103259,2024-04-14T14:00:59Z,SAS909,"62.114185,-29.422709",38000,453,253
1713103292,2024-04-14T14:01:32Z,SAS909,"62.094772,-29.565531",38000,450,253
1713103326,2024-04-14T14:02:06Z,SAS909,"62.074989,-29.709677",38000,450,253
1713103359,2024-04-14T14:02:39Z,SAS909,"62.055405,-29.851913",38000,450,253
1713103393,2024-04-14T14:03:13Z,SAS909,"62.034767,-29.993286",38000,452,250
1713104261,2024-04-14T14:17:41Z,SAS909,"61.177883,-33.342304",38308,450,240
1713104402,2024-04-14T14:20:02Z,SAS909,"61.032658,-33.861237",39720,447,240
1713104473,2024-04-14T14:21:13Z,SAS909,"60.958672,-34.120789",39992,445,239
1713105417,2024-04-14T14:36:57Z,SAS909,"59.939003,-37.430077",40004,446,239
1713106935,2024-04-14T15:02:15Z,SAS909,"58.377716,-42.239868",40000,400,239
1713106968,2024-04-14T15:02:48Z,SAS909,"58.34634,-42.340942",40025,398,239
1713106999,2024-04-14T15:03:19Z,SAS909,"58.317352,-42.434162",40000,397,239
1713107030,2024-04-14T15:03:50Z,SAS909,"58.288475,-42.526611",40000,397,239
1713107061,2024-04-14T15:04:21Z,SAS909,"58.258896,-42.62093",40000,400,239
1713107092,2024-04-14T15:04:52Z,SAS909,"58.229263,-42.715027",39975,402,239
1713107124,2024-04-14T15:05:24Z,SAS909,"58.199284,-42.81015",40000,402,239
1713107158,2024-04-14T15:05:58Z,SAS909,"58.167389,-42.910206",39975,387,238
1713107190,2024-04-14T15:06:30Z,SAS909,"58.137508,-43.003693",40000,382,239
1713107223,2024-04-14T15:07:03Z,SAS909,"58.108109,-43.095909",40000,376,238
1713107257,2024-04-14T15:07:37Z,SAS909,"58.078354,-43.188408",40000,371,238
1713107288,2024-04-14T15:08:08Z,SAS909,"58.049664,-43.277527",40000,369,238
1713107321,2024-04-14T15:08:41Z,SAS909,"58.020756,-43.366791",40000,365,238
1713107354,2024-04-14T15:09:14Z,SAS909,"57.991791,-43.455799",40000,365,238
1713107387,2024-04-14T15:09:47Z,SAS909,"57.963078,-43.543762",39575,366,238
1713107419,2024-04-14T15:10:19Z,SAS909,"57.933792,-43.633087",39025,384,238
1713107450,2024-04-14T15:10:50Z,SAS909,"57.904221,-43.722839",38525,396,238
1713107482,2024-04-14T15:11:22Z,SAS909,"57.872955,-43.817997",38025,405,238
1713107515,2024-04-14T15:11:55Z,SAS909,"57.841232,-43.913948",38000,405,238
1713107549,2024-04-14T15:12:29Z,SAS909,"57.807495,-44.015305",38000,404,237
1713107580,2024-04-14T15:13:00Z,SAS909,"57.776688,-44.107361",38000,405,237
1713107613,2024-04-14T15:13:33Z,SAS909,"57.74295,-44.207832",38000,407,237
1713107646,2024-04-14T15:14:06Z,SAS909,"57.709991,-44.305801",38000,406,237
1713107679,2024-04-14T15:14:39Z,SAS909,"57.677673,-44.401329",38000,407,237
1713107713,2024-04-14T15:15:13Z,SAS909,"57.642937,-44.503666",38000,407,237
1713107747,2024-04-14T15:15:47Z,SAS909,"57.608814,-44.603783",38000,407,237
1713107781,2024-04-14T15:16:21Z,SAS909,"57.573898,-44.705673",38000,408,237
1713107813,2024-04-14T15:16:53Z,SAS909,"57.541397,-44.800186",38000,407,237
1713107845,2024-04-14T15:17:25Z,SAS909,"57.509995,-44.891167",38000,407,237
1713107879,2024-04-14T15:17:59Z,SAS909,"57.475254,-44.991318",38000,408,237
1713107911,2024-04-14T15:18:31Z,SAS909,"57.441925,-45.08712",38000,409,237
1713107944,2024-04-14T15:19:04Z,SAS909,"57.408081,-45.183846",38000,409,237
1713107975,2024-04-14T15:19:35Z,SAS909,"57.376518,-45.273861",38000,406,237
1713108008,2024-04-14T15:20:08Z,SAS909,"57.342209,-45.371319",38000,407,236
1713108042,2024-04-14T15:20:42Z,SAS909,"57.308075,-45.467949",38000,407,236
1713108075,2024-04-14T15:21:15Z,SAS909,"57.273697,-45.564682",38000,408,236
1713108106,2024-04-14T15:21:46Z,SAS909,"57.241375,-45.655281",38000,407,236
1713108137,2024-04-14T15:22:17Z,SAS909,"57.20961,-45.744064",38000,407,236
1713108170,2024-04-14T15:22:50Z,SAS909,"57.175552,-45.838997",38000,406,236
1713108202,2024-04-14T15:23:22Z,SAS909,"57.141998,-45.93195",38000,406,236
1713108236,2024-04-14T15:23:56Z,SAS909,"57.106422,-46.030235",38000,407,236
1713108267,2024-04-14T15:24:27Z,SAS909,"57.074207,-46.119011",38000,408,236
1713108300,2024-04-14T15:25:00Z,SAS909,"57.039711,-46.213367",38000,410,236
1713111354,2024-04-14T16:15:54Z,SAS909,"53.898319,-54.832684",38000,418,237
1713111385,2024-04-14T16:16:25Z,SAS909,"53.865128,-54.921219",38000,423,237
1713111417,2024-04-14T16:16:57Z,SAS909,"53.832123,-55.009109",38000,427,237
1713111447,2024-04-14T16:17:27Z,SAS909,"53.799545,-55.09573",38000,431,237
1713111482,2024-04-14T16:18:02Z,SAS909,"53.761826,-55.194843",38000,435,237
1713111514,2024-04-14T16:18:34Z,SAS909,"53.727539,-55.283833",38000,436,237
1713111545,2024-04-14T16:19:05Z,SAS909,"53.693256,-55.372467",38000,434,237
1713111576,2024-04-14T16:19:36Z,SAS909,"53.659508,-55.459953",38000,435,236
1713111607,2024-04-14T16:20:07Z,SAS909,"53.625198,-55.548088",38000,437,236
1713111638,2024-04-14T16:20:38Z,SAS909,"53.590519,-55.636948",38000,438,236
1713111669,2024-04-14T16:21:09Z,SAS909,"53.556301,-55.724434",38000,441,236
1713111699,2024-04-14T16:21:39Z,SAS909,"53.521591,-55.812744",38250,443,236
1713111731,2024-04-14T16:22:11Z,SAS909,"53.486427,-55.902073",38550,446,236
1713111762,2024-04-14T16:22:42Z,SAS909,"53.450958,-55.991901",38925,446,236
1713111793,2024-04-14T16:23:13Z,SAS909,"53.415207,-56.081909",39200,447,236
1713111824,2024-04-14T16:23:44Z,SAS909,"53.380146,-56.170025",39350,450,236
1713111855,2024-04-14T16:24:15Z,SAS909,"53.343658,-56.261223",39525,453,236
1713111886,2024-04-14T16:24:46Z,SAS909,"53.30748,-56.351379",39750,455,236
1713111917,2024-04-14T16:25:17Z,SAS909,"53.270782,-56.44273",40000,454,236
1713111948,2024-04-14T16:25:48Z,SAS909,"53.23439,-56.532661",39975,455,236
1713111980,2024-04-14T16:26:20Z,SAS909,"53.197678,-56.623142",40000,459,235
1713112011,2024-04-14T16:26:51Z,SAS909,"53.16098,-56.713688",40000,457,235
1713112044,2024-04-14T16:27:24Z,SAS909,"53.121414,-56.810383",39975,454,235
1713112078,2024-04-14T16:27:58Z,SAS909,"53.081699,-56.907219",40000,455,235
1713112108,2024-04-14T16:28:28Z,SAS909,"53.045483,-56.995422",40000,458,235
1713112142,2024-04-14T16:29:02Z,SAS909,"53.005234,-57.092819",40000,461,235
1713112173,2024-04-14T16:29:33Z,SAS909,"52.967834,-57.182819",40025,461,235
1713112206,2024-04-14T16:30:06Z,SAS909,"52.927658,-57.279419",39975,457,235
1713112236,2024-04-14T16:30:36Z,SAS909,"52.891304,-57.36668",40000,456,235
1713112270,2024-04-14T16:31:10Z,SAS909,"52.851593,-57.461479",40000,451,235
1713112301,2024-04-14T16:31:41Z,SAS909,"52.815002,-57.548504",40000,450,235
1713112334,2024-04-14T16:32:14Z,SAS909,"52.774933,-57.643127",40000,451,235
1713112365,2024-04-14T16:32:45Z,SAS909,"52.738098,-57.730171",40000,450,235
1713112395,2024-04-14T16:33:15Z,SAS909,"52.702332,-57.814484",40000,450,234
1713112429,2024-04-14T16:33:49Z,SAS909,"52.662003,-57.908783",39975,447,234
1713112463,2024-04-14T16:34:23Z,SAS909,"52.621765,-58.00293",40000,447,234
1713112494,2024-04-14T16:34:54Z,SAS909,"52.585007,-58.088455",40000,452,234
1713112524,2024-04-14T16:35:24Z,SAS909,"52.547745,-58.174744",40000,456,234
1713112558,2024-04-14T16:35:58Z,SAS909,"52.50692,-58.269131",39975,456,234
1713112589,2024-04-14T16:36:29Z,SAS909,"52.469398,-58.355686",40000,455,234
1713112622,2024-04-14T16:37:02Z,SAS909,"52.428452,-58.449707",40000,455,234
1713112653,2024-04-14T16:37:33Z,SAS909,"52.391144,-58.535236",40000,453,234
1713112683,2024-04-14T16:38:03Z,SAS909,"52.353905,-58.619907",40000,456,234
1713112717,2024-04-14T16:38:37Z,SAS909,"52.312088,-58.714981",40000,454,234
1713112748,2024-04-14T16:39:08Z,SAS909,"52.274872,-58.799057",40000,454,234
1713112781,2024-04-14T16:39:41Z,SAS909,"52.233261,-58.892822",40000,457,234
1713112812,2024-04-14T16:40:12Z,SAS909,"52.195393,-58.978142",40000,461,234
1713112845,2024-04-14T16:40:45Z,SAS909,"52.153061,-59.0728",40000,465,234
1713112879,2024-04-14T16:41:19Z,SAS909,"52.110855,-59.166946",40000,468,233
1713112909,2024-04-14T16:41:49Z,SAS909,"52.072727,-59.251934",40000,450,234
1713112940,2024-04-14T16:42:20Z,SAS909,"52.035069,-59.33543",40000,447,233
1713112973,2024-04-14T16:42:53Z,SAS909,"51.994846,-59.424343",40000,442,233
1713113004,2024-04-14T16:43:24Z,SAS909,"51.957687,-59.505997",40000,444,233
1713113038,2024-04-14T16:43:58Z,SAS909,"51.916359,-59.596672",40000,444,233
1713113069,2024-04-14T16:44:29Z,SAS909,"51.878677,-59.679146",40000,444,233
1713113099,2024-04-14T16:44:59Z,SAS909,"51.841507,-59.760132",40000,447,233
1713113133,2024-04-14T16:45:33Z,SAS909,"51.799988,-59.850399",40000,443,233
1713113163,2024-04-14T16:46:03Z,SAS909,"51.762924,-59.930725",40000,443,233
1713113195,2024-04-14T16:46:35Z,SAS909,"51.724705,-60.013123",40000,442,233
1713113225,2024-04-14T16:47:05Z,SAS909,"51.687416,-60.093384",40000,440,233
1713113259,2024-04-14T16:47:39Z,SAS909,"51.646217,-60.181656",40000,448,233
1713113289,2024-04-14T16:48:09Z,SAS909,"51.607765,-60.263901",40000,455,233
1713113323,2024-04-14T16:48:43Z,SAS909,"51.565308,-60.354385",40000,456,232
1713113354,2024-04-14T16:49:14Z,SAS909,"51.526611,-60.436607",40000,454,233
1713113384,2024-04-14T16:49:44Z,SAS909,"51.487801,-60.518799",40000,453,232
1713113418,2024-04-14T16:50:18Z,SAS909,"51.444553,-60.60997",40000,456,232
1713113449,2024-04-14T16:50:49Z,SAS909,"51.405636,-60.691833",40000,457,232
1713113482,2024-04-14T16:51:22Z,SAS909,"51.36351,-60.780151",40000,458,232
1713113515,2024-04-14T16:51:55Z,SAS909,"51.320984,-60.868935",40000,458,232
1713113546,2024-04-14T16:52:26Z,SAS909,"51.281109,-60.951843",40000,460,232
1713113578,2024-04-14T16:52:58Z,SAS909,"51.239731,-61.037663",40000,461,232
1713113609,2024-04-14T16:53:29Z,SAS909,"51.19936,-61.121292",40000,460,232
1713113640,2024-04-14T16:54:00Z,SAS909,"51.158859,-61.204758",40000,457,232
1713113670,2024-04-14T16:54:30Z,SAS909,"51.120209,-61.284115",40000,456,232
1713113704,2024-04-14T16:55:04Z,SAS909,"51.074478,-61.372971",40000,456,228
1713113738,2024-04-14T16:55:38Z,SAS909,"51.027557,-61.457592",40000,459,228
1713113769,2024-04-14T16:56:09Z,SAS909,"50.984802,-61.535984",40000,460,229
1713113799,2024-04-14T16:56:39Z,SAS909,"50.942627,-61.614075",40000,460,229
1713113833,2024-04-14T16:57:13Z,SAS909,"50.895676,-61.700703",40000,461,229
1713113865,2024-04-14T16:57:45Z,SAS909,"50.852142,-61.780651",40000,460,229
1713113896,2024-04-14T16:58:16Z,SAS909,"50.808014,-61.861416",40000,459,229
1713113928,2024-04-14T16:58:48Z,SAS909,"50.764572,-61.94062",40000,458,229
1713113958,2024-04-14T16:59:18Z,SAS909,"50.722229,-62.01775",40000,456,229
1713113992,2024-04-14T16:59:52Z,SAS909,"50.676254,-62.101212",40000,454,229
1713114023,2024-04-14T17:00:23Z,SAS909,"50.633892,-62.177792",40000,453,229
1713114056,2024-04-14T17:00:56Z,SAS909,"50.587692,-62.260967",40000,452,228
1713114090,2024-04-14T17:01:30Z,SAS909,"50.541672,-62.343628",40000,451,228
1713114120,2024-04-14T17:02:00Z,SAS909,"50.500763,-62.416943",40000,451,228
1713114154,2024-04-14T17:02:34Z,SAS909,"50.45327,-62.501667",40000,453,228
1713114185,2024-04-14T17:03:05Z,SAS909,"50.410488,-62.577904",40000,454,228
1713114217,2024-04-14T17:03:37Z,SAS909,"50.365612,-62.657478",40000,455,228
1713114247,2024-04-14T17:04:07Z,SAS909,"50.323761,-62.731487",40000,456,228
1713114281,2024-04-14T17:04:41Z,SAS909,"50.277512,-62.812958",40000,456,228
1713114313,2024-04-14T17:05:13Z,SAS909,"50.232006,-62.893166",40000,454,228
1713114347,2024-04-14T17:05:47Z,SAS909,"50.184895,-62.975712",40000,454,228
1713114378,2024-04-14T17:06:18Z,SAS909,"50.141968,-63.050682",40000,454,228
1713114406,2024-04-14T17:06:46Z,SAS909,"50.101707,-63.120834",40000,453,228
1713114441,2024-04-14T17:07:21Z,SAS909,"50.052841,-63.205719",40000,453,228
1713114475,2024-04-14T17:07:55Z,SAS909,"50.00539,-63.28793",40000,455,228
1713114504,2024-04-14T17:08:24Z,SAS909,"49.965775,-63.356373",40000,456,228
1713114539,2024-04-14T17:08:59Z,SAS909,"49.916195,-63.441666",40000,454,228
1713114569,2024-04-14T17:09:29Z,SAS909,"49.873398,-63.514999",40000,455,228
1713114601,2024-04-14T17:10:01Z,SAS909,"49.830494,-63.588421",40000,455,227
1713114633,2024-04-14T17:10:33Z,SAS909,"49.783768,-63.668228",40000,455,227
1713114664,2024-04-14T17:11:04Z,SAS909,"49.738693,-63.744827",40000,455,227
1713114697,2024-04-14T17:11:37Z,SAS909,"49.692856,-63.822544",40000,458,227
1713114729,2024-04-14T17:12:09Z,SAS909,"49.6474,-63.899376",40000,460,227
1713114760,2024-04-14T17:12:40Z,SAS909,"49.603134,-63.973969",40000,459,227
1713114792,2024-04-14T17:13:12Z,SAS909,"49.557495,-64.050728",40000,459,227
1713114824,2024-04-14T17:13:44Z,SAS909,"49.511562,-64.127716",40000,460,227
1713114855,2024-04-14T17:14:15Z,SAS909,"49.46571,-64.204247",40000,461,227
1713114887,2024-04-14T17:14:47Z,SAS909,"49.420506,-64.279564",40000,459,227
1713114918,2024-04-14T17:15:18Z,SAS909,"49.376221,-64.353119",40000,459,227
1713114950,2024-04-14T17:15:50Z,SAS909,"49.329964,-64.42968",40000,460,227
1713114983,2024-04-14T17:16:23Z,SAS909,"49.281693,-64.509392",40000,459,227
1713115017,2024-04-14T17:16:57Z,SAS909,"49.232758,-64.589958",40000,459,227
1713115049,2024-04-14T17:17:29Z,SAS909,"49.185883,-64.666794",40000,462,227
1713115084,2024-04-14T17:18:04Z,SAS909,"49.135391,-64.749405",40000,462,227
1713115118,2024-04-14T17:18:38Z,SAS909,"49.085983,-64.830109",40000,460,226
1713115150,2024-04-14T17:19:10Z,SAS909,"49.040131,-64.90448",40000,461,226
1713115180,2024-04-14T17:19:40Z,SAS909,"48.996185,-64.975754",40000,463,226
1713115214,2024-04-14T17:20:14Z,SAS909,"48.945557,-65.057655",40000,465,226
1713115245,2024-04-14T17:20:45Z,SAS909,"48.899506,-65.131813",40000,468,226
1713115276,2024-04-14T17:21:16Z,SAS909,"48.853687,-65.205299",40000,469,226
1713115308,2024-04-14T17:21:48Z,SAS909,"48.806534,-65.280975",40000,470,226
1713115339,2024-04-14T17:22:19Z,SAS909,"48.75993,-65.355499",40000,471,226
1713115370,2024-04-14T17:22:50Z,SAS909,"48.714451,-65.427917",40000,469,226
1713115400,2024-04-14T17:23:20Z,SAS909,"48.668289,-65.50119",40000,466,226
1713115431,2024-04-14T17:23:51Z,SAS909,"48.621998,-65.574501",40000,466,226
1713115463,2024-04-14T17:24:23Z,SAS909,"48.5755,-65.647957",40000,464,226
1713115494,2024-04-14T17:24:54Z,SAS909,"48.528854,-65.721344",40000,464,226
1713115525,2024-04-14T17:25:25Z,SAS909,"48.482944,-65.793434",40000,465,226
1713115556,2024-04-14T17:25:56Z,SAS909,"48.436718,-65.865852",40000,466,226
1713115589,2024-04-14T17:26:29Z,SAS909,"48.38863,-65.940956",40000,465,226
1713115622,2024-04-14T17:27:02Z,SAS909,"48.33815,-66.019592",40000,466,226
1713115654,2024-04-14T17:27:34Z,SAS909,"48.290817,-66.093117",40000,466,226
1713115686,2024-04-14T17:28:06Z,SAS909,"48.24334,-66.166534",40000,465,225
1713115717,2024-04-14T17:28:37Z,SAS909,"48.196106,-66.239319",40000,466,225
1713115748,2024-04-14T17:29:08Z,SAS909,"48.149734,-66.31073",40000,466,225
1713115780,2024-04-14T17:29:40Z,SAS909,"48.102753,-66.382843",40000,468,225
1713115810,2024-04-14T17:30:10Z,SAS909,"48.056015,-66.454399",40000,468,225
1713115842,2024-04-14T17:30:42Z,SAS909,"48.00856,-66.526817",40000,468,225
1713115872,2024-04-14T17:31:12Z,SAS909,"47.962025,-66.597641",40000,465,225
1713115906,2024-04-14T17:31:46Z,SAS909,"47.911377,-66.674545",40000,465,225
1713115940,2024-04-14T17:32:20Z,SAS909,"47.860168,-66.752014",40000,466,225
1713115974,2024-04-14T17:32:54Z,SAS909,"47.808449,-66.830048",40000,467,225
1713116005,2024-04-14T17:33:25Z,SAS909,"47.761368,-66.900833",40000,468,225
1713116036,2024-04-14T17:33:56Z,SAS909,"47.714951,-66.970528",40000,465,225
1713116066,2024-04-14T17:34:26Z,SAS909,"47.668747,-67.039627",40000,464,225
1713116100,2024-04-14T17:35:00Z,SAS909,"47.617538,-67.116028",40000,465,225
1713116131,2024-04-14T17:35:31Z,SAS909,"47.571358,-67.184776",40000,465,225
1713116162,2024-04-14T17:36:02Z,SAS909,"47.524612,-67.254181",40000,464,225
1713116193,2024-04-14T17:36:33Z,SAS909,"47.477604,-67.323799",40000,465,225
1713116224,2024-04-14T17:37:04Z,SAS909,"47.43013,-67.393845",40000,465,225
1713116255,2024-04-14T17:37:35Z,SAS909,"47.383244,-67.462814",40000,465,225
1713116286,2024-04-14T17:38:06Z,SAS909,"47.335434,-67.53289",40000,463,225
1713116317,2024-04-14T17:38:37Z,SAS909,"47.288925,-67.601059",40000,458,224
1713116348,2024-04-14T17:39:08Z,SAS909,"47.24284,-67.668388",40000,449,224
1713116379,2024-04-14T17:39:39Z,SAS909,"47.197685,-67.734161",40000,447,224
1713116410,2024-04-14T17:40:10Z,SAS909,"47.151993,-67.800476",40000,446,224
1713116441,2024-04-14T17:40:41Z,SAS909,"47.106441,-67.866493",40000,446,224
1713116471,2024-04-14T17:41:11Z,SAS909,"47.061539,-67.931488",40000,449,224
1713116503,2024-04-14T17:41:43Z,SAS909,"47.015152,-67.998329",40000,449,224
1713116532,2024-04-14T17:42:12Z,SAS909,"46.971722,-68.060799",40000,451,224
1713116567,2024-04-14T17:42:47Z,SAS909,"46.919403,-68.135628",40000,454,224
1713116598,2024-04-14T17:43:18Z,SAS909,"46.87368,-68.201294",40000,455,224
1713116628,2024-04-14T17:43:48Z,SAS909,"46.830368,-68.263481",40000,452,226
1713116639,2024-04-14T17:43:59Z,SAS909,"46.813908,-68.292526",39975,450,234
1713116642,2024-04-14T17:44:02Z,SAS909,"46.81041,-68.299858",39975,448,236
1713116645,2024-04-14T17:44:05Z,SAS909,"46.806793,-68.308235",40000,447,238
1713116648,2024-04-14T17:44:08Z,SAS909,"46.803761,-68.315941",40000,446,240
1713116652,2024-04-14T17:44:12Z,SAS909,"46.800503,-68.324867",40000,445,242
1713116654,2024-04-14T17:44:14Z,SAS909,"46.79808,-68.33194",40000,445,244
1713116657,2024-04-14T17:44:17Z,SAS909,"46.795425,-68.340179",40000,445,245
1713116660,2024-04-14T17:44:20Z,SAS909,"46.792866,-68.348419",40000,444,245
1713116664,2024-04-14T17:44:24Z,SAS909,"46.789948,-68.35807",40000,444,246
1713116667,2024-04-14T17:44:27Z,SAS909,"46.78756,-68.366203",40000,443,246
1713116670,2024-04-14T17:44:30Z,SAS909,"46.785046,-68.374512",40000,442,246
1713116700,2024-04-14T17:45:00Z,SAS909,"46.760418,-68.456703",40000,443,246
1713116734,2024-04-14T17:45:34Z,SAS909,"46.732498,-68.549126",40000,448,246
1713116765,2024-04-14T17:46:05Z,SAS909,"46.706001,-68.635643",40000,453,245
1713116795,2024-04-14T17:46:35Z,SAS909,"46.680359,-68.719681",40000,442,246
1713116827,2024-04-14T17:47:07Z,SAS909,"46.65477,-68.804024",40000,437,246
1713116858,2024-04-14T17:47:38Z,SAS909,"46.629513,-68.88723",40000,441,246
1713116888,2024-04-14T17:48:08Z,SAS909,"46.601582,-68.968597",40000,441,234
1713116891,2024-04-14T17:48:11Z,SAS909,"46.59787,-68.975784",40000,441,232
1713116894,2024-04-14T17:48:14Z,SAS909,"46.594345,-68.982086",40000,441,229
1713116898,2024-04-14T17:48:18Z,SAS909,"46.589539,-68.989853",40000,443,226
1713116901,2024-04-14T17:48:21Z,SAS909,"46.585281,-68.996086",40000,444,224
1713116904,2024-04-14T17:48:24Z,SAS909,"46.580704,-69.002243",40000,444,221
1713116907,2024-04-14T17:48:27Z,SAS909,"46.575439,-69.008743",40000,446,218
1713116910,2024-04-14T17:48:30Z,SAS909,"46.57045,-69.014236",40000,447,216
1713116913,2024-04-14T17:48:33Z,SAS909,"46.565319,-69.019478",40000,449,213
1713116916,2024-04-14T17:48:36Z,SAS909,"46.560104,-69.024284",40000,450,211
1713116919,2024-04-14T17:48:39Z,SAS909,"46.554932,-69.028641",40000,451,208
1713116922,2024-04-14T17:48:42Z,SAS909,"46.548431,-69.033531",40000,452,205
1713116925,2024-04-14T17:48:45Z,SAS909,"46.542938,-69.037216",40000,454,203
1713116928,2024-04-14T17:48:48Z,SAS909,"46.537491,-69.040428",40000,455,201
1713116932,2024-04-14T17:48:52Z,SAS909,"46.530533,-69.044113",40000,457,198
1713116935,2024-04-14T17:48:55Z,SAS909,"46.524673,-69.04673",40000,458,196
1713116938,2024-04-14T17:48:58Z,SAS909,"46.518127,-69.04921",40000,460,193
1713116941,2024-04-14T17:49:01Z,SAS909,"46.512112,-69.051132",40000,462,191
1713116944,2024-04-14T17:49:04Z,SAS909,"46.505871,-69.052711",40000,463,188
1713116947,2024-04-14T17:49:07Z,SAS909,"46.498901,-69.054031",40000,465,186
1713116950,2024-04-14T17:49:10Z,SAS909,"46.492371,-69.05484",40000,467,184
1713116953,2024-04-14T17:49:13Z,SAS909,"46.487064,-69.055252",40025,468,182
1713116956,2024-04-14T17:49:16Z,SAS909,"46.479584,-69.055504",40025,470,180
1713116959,2024-04-14T17:49:19Z,SAS909,"46.472992,-69.055504",40025,471,179
1713116962,2024-04-14T17:49:22Z,SAS909,"46.465668,-69.055305",40000,471,178
1713116965,2024-04-14T17:49:25Z,SAS909,"46.459042,-69.055046",40000,471,178
1713116969,2024-04-14T17:49:29Z,SAS909,"46.452103,-69.054703",40025,472,177
1713116971,2024-04-14T17:49:31Z,SAS909,"46.445633,-69.054359",40025,472,177
1713117005,2024-04-14T17:50:05Z,SAS909,"46.372826,-69.051201",40000,471,178
1713117035,2024-04-14T17:50:35Z,SAS909,"46.306366,-69.048668",40000,471,178
1713117066,2024-04-14T17:51:06Z,SAS909,"46.239174,-69.046463",40000,472,178
1713117100,2024-04-14T17:51:40Z,SAS909,"46.16534,-69.043991",40000,475,178
1713117131,2024-04-14T17:52:11Z,SAS909,"46.098026,-69.041107",40000,476,178
1713117161,2024-04-14T17:52:41Z,SAS909,"46.030712,-69.038292",40000,475,178
1713117182,2024-04-14T17:53:02Z,SAS909,"45.984787,-69.040634",40000,465,189
1713117186,2024-04-14T17:53:06Z,SAS909,"45.978195,-69.042374",40000,464,191
1713117188,2024-04-14T17:53:08Z,SAS909,"45.974014,-69.043648",40000,462,192
1713117191,2024-04-14T17:53:11Z,SAS909,"45.966053,-69.046463",40000,462,194
1713117194,2024-04-14T17:53:14Z,SAS909,"45.959976,-69.048935",40000,460,196
1713117197,2024-04-14T17:53:17Z,SAS909,"45.953808,-69.051682",40000,459,197
1713117201,2024-04-14T17:53:21Z,SAS909,"45.947388,-69.054832",40000,458,199
1713117204,2024-04-14T17:53:24Z,SAS909,"45.94043,-69.058586",40000,457,201
1713117207,2024-04-14T17:53:27Z,SAS909,"45.934628,-69.061981",40000,456,202
1713117210,2024-04-14T17:53:30Z,SAS909,"45.928619,-69.065819",40000,454,204
1713117213,2024-04-14T17:53:33Z,SAS909,"45.922897,-69.069771",40000,453,206
1713117216,2024-04-14T17:53:36Z,SAS909,"45.917679,-69.073593",40000,451,207
1713117219,2024-04-14T17:53:39Z,SAS909,"45.913193,-69.077209",40000,450,209
1713117222,2024-04-14T17:53:42Z,SAS909,"45.907196,-69.082298",39975,448,211
1713117225,2024-04-14T17:53:45Z,SAS909,"45.901932,-69.087189",39975,447,213
1713117229,2024-04-14T17:53:49Z,SAS909,"45.89534,-69.093887",39975,445,216
1713117232,2024-04-14T17:53:52Z,SAS909,"45.890266,-69.099472",40000,442,218
1713117235,2024-04-14T17:53:55Z,SAS909,"45.885498,-69.105141",40000,442,220
1713117238,2024-04-14T17:53:58Z,SAS909,"45.881142,-69.110733",40000,439,222
1713117241,2024-04-14T17:54:01Z,SAS909,"45.876812,-69.116707",40000,438,224
1713117244,2024-04-14T17:54:04Z,SAS909,"45.872635,-69.122765",40000,437,226
1713117248,2024-04-14T17:54:08Z,SAS909,"45.867546,-69.130783",40000,434,228
1713117251,2024-04-14T17:54:11Z,SAS909,"45.863499,-69.13765",39975,434,230
1713117253,2024-04-14T17:54:13Z,SAS909,"45.861053,-69.141922",39975,434,231
1713117257,2024-04-14T17:54:17Z,SAS909,"45.856155,-69.150963",39975,433,232
1713117260,2024-04-14T17:54:20Z,SAS909,"45.851952,-69.158867",39975,434,232
1713117263,2024-04-14T17:54:23Z,SAS909,"45.848465,-69.165436",40000,434,232
1713117266,2024-04-14T17:54:26Z,SAS909,"45.84462,-69.172737",40000,433,232
1713117269,2024-04-14T17:54:29Z,SAS909,"45.840919,-69.179672",40000,433,232
1713117299,2024-04-14T17:54:59Z,SAS909,"45.803539,-69.246895",40000,436,231
1713117331,2024-04-14T17:55:31Z,SAS909,"45.76313,-69.318924",40000,437,231
1713117362,2024-04-14T17:56:02Z,SAS909,"45.724354,-69.388618",40000,436,231
1713117393,2024-04-14T17:56:33Z,SAS909,"45.68539,-69.458931",40000,436,231
1713117423,2024-04-14T17:57:03Z,SAS909,"45.647232,-69.52758",40000,444,231
1713117456,2024-04-14T17:57:36Z,SAS909,"45.604889,-69.603279",40000,449,231
1713117490,2024-04-14T17:58:10Z,SAS909,"45.561142,-69.68161",40000,449,231
1713117520,2024-04-14T17:58:40Z,SAS909,"45.52264,-69.750122",40000,447,231
1713117554,2024-04-14T17:59:14Z,SAS909,"45.478821,-69.828117",39575,434,231
1713117585,2024-04-14T17:59:45Z,SAS909,"45.441036,-69.895218",39075,426,231
1713117618,2024-04-14T18:00:18Z,SAS909,"45.399509,-69.968437",38525,427,231
1713117648,2024-04-14T18:00:48Z,SAS909,"45.362083,-70.034561",38025,427,231
1713117682,2024-04-14T18:01:22Z,SAS909,"45.320045,-70.108383",37450,433,231
1713117715,2024-04-14T18:01:55Z,SAS909,"45.278641,-70.180992",36900,424,231
1713117746,2024-04-14T18:02:26Z,SAS909,"45.241013,-70.247108",36425,424,231
1713117776,2024-04-14T18:02:56Z,SAS909,"45.203712,-70.312302",36025,430,230
1713117809,2024-04-14T18:03:29Z,SAS909,"45.161861,-70.384979",36000,430,230
1713117843,2024-04-14T18:04:03Z,SAS909,"45.119125,-70.459412",36000,430,230
1713117874,2024-04-14T18:04:34Z,SAS909,"45.080582,-70.526329",36000,430,230
1713117907,2024-04-14T18:05:07Z,SAS909,"45.038776,-70.598549",36000,428,230
1713117938,2024-04-14T18:05:38Z,SAS909,"45.000557,-70.664398",36000,428,230
1713117969,2024-04-14T18:06:09Z,SAS909,"44.96109,-70.732468",36000,427,230
1713118002,2024-04-14T18:06:42Z,SAS909,"44.919464,-70.803871",36000,428,230
1713118034,2024-04-14T18:07:14Z,SAS909,"44.879662,-70.871933",36000,428,230
1713118065,2024-04-14T18:07:45Z,SAS909,"44.841202,-70.937737",36000,427,230
1713118098,2024-04-14T18:08:18Z,SAS909,"44.799591,-71.008728",36000,427,230
1713118128,2024-04-14T18:08:48Z,SAS909,"44.761326,-71.073708",36000,429,230
1713118160,2024-04-14T18:09:20Z,SAS909,"44.721222,-71.141708",36000,430,230
1713118193,2024-04-14T18:09:53Z,SAS909,"44.679199,-71.212852",36000,431,230
1713118226,2024-04-14T18:10:26Z,SAS909,"44.637589,-71.283028",36000,429,230
1713118259,2024-04-14T18:10:59Z,SAS909,"44.595833,-71.353386",36000,428,230
1713118290,2024-04-14T18:11:30Z,SAS909,"44.556747,-71.419174",36000,427,230
1713118323,2024-04-14T18:12:03Z,SAS909,"44.515091,-71.488953",36000,428,230
1713118356,2024-04-14T18:12:36Z,SAS909,"44.47197,-71.56089",36000,429,230
1713118387,2024-04-14T18:13:07Z,SAS909,"44.433182,-71.625832",36000,428,230
1713118420,2024-04-14T18:13:40Z,SAS909,"44.390816,-71.696106",36000,428,229
1713118453,2024-04-14T18:14:13Z,SAS909,"44.348602,-71.766159",36000,429,229
1713118485,2024-04-14T18:14:45Z,SAS909,"44.308468,-71.832703",36000,427,230
1713118517,2024-04-14T18:15:17Z,SAS909,"44.268433,-71.898819",36000,425,229
1713118549,2024-04-14T18:15:49Z,SAS909,"44.227325,-71.966476",36000,425,229
1713118582,2024-04-14T18:16:22Z,SAS909,"44.185364,-72.0355",36000,426,229
1713118613,2024-04-14T18:16:53Z,SAS909,"44.146,-72.100136",36000,427,229
1713118646,2024-04-14T18:17:26Z,SAS909,"44.103729,-72.169258",36000,426,229
1713118676,2024-04-14T18:17:56Z,SAS909,"44.064468,-72.233322",36000,425,229
1713118710,2024-04-14T18:18:30Z,SAS909,"44.021706,-72.302925",36000,425,229
1713118740,2024-04-14T18:19:00Z,SAS909,"43.982712,-72.366302",36000,425,229
1713118772,2024-04-14T18:19:32Z,SAS909,"43.943031,-72.430702",36000,426,229
1713118802,2024-04-14T18:20:02Z,SAS909,"43.903885,-72.494049",36000,426,229
1713118836,2024-04-14T18:20:36Z,SAS909,"43.860718,-72.563675",36000,427,229
1713118866,2024-04-14T18:21:06Z,SAS909,"43.821342,-72.627083",36000,428,229
1713118900,2024-04-14T18:21:40Z,SAS909,"43.778229,-72.696281",36000,427,229
1713118930,2024-04-14T18:22:10Z,SAS909,"43.738907,-72.759193",36000,425,229
1713118964,2024-04-14T18:22:44Z,SAS909,"43.698715,-72.823517",35800,420,229
1713118995,2024-04-14T18:23:15Z,SAS909,"43.655666,-72.892326",35250,422,229
1713119030,2024-04-14T18:23:50Z,SAS909,"43.612419,-72.961121",34675,415,228
1713119063,2024-04-14T18:24:23Z,SAS909,"43.570358,-73.027786",34125,412,229
1713119095,2024-04-14T18:24:55Z,SAS909,"43.529972,-73.091713",33575,411,228
1713119114,2024-04-14T18:25:14Z,SAS909,"43.503021,-73.125893",32950,422,216
1713119117,2024-04-14T18:25:17Z,SAS909,"43.499039,-73.129791",32825,424,214
1713119119,2024-04-14T18:25:19Z,SAS909,"43.495152,-73.133369",32700,426,213
1713119123,2024-04-14T18:25:23Z,SAS909,"43.489426,-73.138474",32500,428,212
1713119126,2024-04-14T18:25:26Z,SAS909,"43.484585,-73.142654",32375,430,212
1713119129,2024-04-14T18:25:29Z,SAS909,"43.479324,-73.147232",32225,430,211
1713119132,2024-04-14T18:25:32Z,SAS909,"43.474342,-73.151482",32100,432,211
1713119134,2024-04-14T18:25:34Z,SAS909,"43.47052,-73.154762",32000,433,211
1713119168,2024-04-14T18:26:08Z,SAS909,"43.413315,-73.205498",30700,433,213
1713119201,2024-04-14T18:26:41Z,SAS909,"43.358101,-73.255722",29400,425,213
1713119233,2024-04-14T18:27:13Z,SAS909,"43.30632,-73.302635",28175,418,213
1713119264,2024-04-14T18:27:44Z,SAS909,"43.256561,-73.347603",27025,410,213
1713119295,2024-04-14T18:28:15Z,SAS909,"43.208496,-73.390968",25900,406,213
1713119328,2024-04-14T18:28:48Z,SAS909,"43.156437,-73.437912",24925,398,213
1713119362,2024-04-14T18:29:22Z,SAS909,"43.10463,-73.484482",24375,392,213
1713119392,2024-04-14T18:29:52Z,SAS909,"43.058578,-73.52581",24000,393,213
1713119423,2024-04-14T18:30:23Z,SAS909,"43.011703,-73.567841",24000,396,213
1713119457,2024-04-14T18:30:57Z,SAS909,"42.959709,-73.614281",23950,394,213
1713119488,2024-04-14T18:31:28Z,SAS909,"42.912964,-73.655922",22900,391,213
1713119519,2024-04-14T18:31:59Z,SAS909,"42.866093,-73.697731",21925,390,213
1713119551,2024-04-14T18:32:31Z,SAS909,"42.817024,-73.741219",20875,383,213
1713119584,2024-04-14T18:33:04Z,SAS909,"42.768127,-73.784492",19825,379,213
1713119603,2024-04-14T18:33:23Z,SAS909,"42.739189,-73.806854",19225,385,203
1713119606,2024-04-14T18:33:26Z,SAS909,"42.735233,-73.809029",19150,386,203
1713119607,2024-04-14T18:33:27Z,SAS909,"42.732395,-73.810493",19100,388,200
1713119612,2024-04-14T18:33:32Z,SAS909,"42.72406,-73.814331",18950,390,197
1713119615,2024-04-14T18:33:35Z,SAS909,"42.718781,-73.816574",18850,391,197
1713119617,2024-04-14T18:33:37Z,SAS909,"42.716309,-73.817574",18800,390,196
1713119621,2024-04-14T18:33:41Z,SAS909,"42.70842,-73.820847",18650,390,196
1713119623,2024-04-14T18:33:43Z,SAS909,"42.706745,-73.82148",18625,390,196
1713119627,2024-04-14T18:33:47Z,SAS909,"42.700104,-73.824196",18500,389,196
1713119662,2024-04-14T18:34:22Z,SAS909,"42.63826,-73.850288",17375,389,192
1713119669,2024-04-14T18:34:29Z,SAS909,"42.627182,-73.85247",17175,396,185
1713119672,2024-04-14T18:34:32Z,SAS909,"42.621414,-73.852905",17075,399,181
1713119675,2024-04-14T18:34:35Z,SAS909,"42.615646,-73.852905",16975,402,179
1713119678,2024-04-14T18:34:38Z,SAS909,"42.608917,-73.852531",16875,403,176
1713119680,2024-04-14T18:34:40Z,SAS909,"42.605347,-73.852158",16800,405,175
1713119684,2024-04-14T18:34:44Z,SAS909,"42.597439,-73.85125",16675,404,174
1713119687,2024-04-14T18:34:47Z,SAS909,"42.592644,-73.85067",16575,403,175
1713119690,2024-04-14T18:34:50Z,SAS909,"42.586716,-73.850037",16500,402,175
1713119694,2024-04-14T18:34:54Z,SAS909,"42.58049,-73.849472",16400,400,176
1713119724,2024-04-14T18:35:24Z,SAS909,"42.526016,-73.845604",16125,374,176
1713119757,2024-04-14T18:35:57Z,SAS909,"42.469894,-73.84404",16125,358,183
1713119793,2024-04-14T18:36:33Z,SAS909,"42.410625,-73.846268",16125,359,181
1713119821,2024-04-14T18:37:01Z,SAS909,"42.365295,-73.850975",16125,341,196
1713119827,2024-04-14T18:37:07Z,SAS909,"42.356232,-73.855591",16125,332,203
1713119832,2024-04-14T18:37:12Z,SAS909,"42.349457,-73.860336",16125,328,208
1713119836,2024-04-14T18:37:16Z,SAS909,"42.344799,-73.863892",16125,327,209
1713119840,2024-04-14T18:37:20Z,SAS909,"42.340073,-73.867577",16125,327,210
1713119844,2024-04-14T18:37:24Z,SAS909,"42.333626,-73.87252",16125,328,209
1713119848,2024-04-14T18:37:28Z,SAS909,"42.328228,-73.876671",16125,329,209
1713119882,2024-04-14T18:38:02Z,SAS909,"42.282257,-73.908714",16125,310,206
1713119919,2024-04-14T18:38:39Z,SAS909,"42.232983,-73.941818",16125,326,206
1713119950,2024-04-14T18:39:10Z,SAS909,"42.190567,-73.970825",16125,327,207
1713119982,2024-04-14T18:39:42Z,SAS909,"42.147217,-74.000473",16125,327,206
1713120012,2024-04-14T18:40:12Z,SAS909,"42.105709,-74.027924",16125,340,199
1713120015,2024-04-14T18:40:15Z,SAS909,"42.101147,-74.0299",16125,343,197
1713120021,2024-04-14T18:40:21Z,SAS909,"42.091602,-74.032524",16100,354,189
1713120024,2024-04-14T18:40:24Z,SAS909,"42.086716,-74.033287",16100,360,184
1713120027,2024-04-14T18:40:27Z,SAS909,"42.081482,-74.033623",16050,364,181
1713120030,2024-04-14T18:40:30Z,SAS909,"42.077961,-74.033737",16000,367,180
1713120034,2024-04-14T18:40:34Z,SAS909,"42.071136,-74.033554",15925,369,178
1713120036,2024-04-14T18:40:36Z,SAS909,"42.066044,-74.033226",15825,371,176
1713120039,2024-04-14T18:40:39Z,SAS909,"42.061935,-74.032867",15750,371,176
1713120043,2024-04-14T18:40:43Z,SAS909,"42.055756,-74.032249",15650,373,175
1713120046,2024-04-14T18:40:46Z,SAS909,"42.050495,-74.031693",15575,373,175
1713120049,2024-04-14T18:40:49Z,SAS909,"42.045284,-74.031181",15500,372,175
1713120051,2024-04-14T18:40:51Z,SAS909,"42.041977,-74.030807",15475,372,175
1713120085,2024-04-14T18:41:25Z,SAS909,"41.983929,-74.024986",14725,361,175
1713120118,2024-04-14T18:41:58Z,SAS909,"41.929321,-74.020134",13975,356,176
1713120150,2024-04-14T18:42:30Z,SAS909,"41.876904,-74.016045",13450,342,176
1713120183,2024-04-14T18:43:03Z,SAS909,"41.826553,-74.011772",12900,319,176
1713120194,2024-04-14T18:43:14Z,SAS909,"41.81044,-74.012581",12775,296,187
1713120198,2024-04-14T18:43:18Z,SAS909,"41.806145,-74.013489",12750,291,190
1713120201,2024-04-14T18:43:21Z,SAS909,"41.801537,-74.014832",12725,287,193
1713120204,2024-04-14T18:43:24Z,SAS909,"41.797623,-74.016388",12700,281,197
1713120207,2024-04-14T18:43:27Z,SAS909,"41.794086,-74.018211",12675,276,202
1713120210,2024-04-14T18:43:30Z,SAS909,"41.790829,-74.020195",12625,271,206
1713120213,2024-04-14T18:43:33Z,SAS909,"41.787617,-74.02256",12600,266,210
1713120216,2024-04-14T18:43:36Z,SAS909,"41.784302,-74.025444",12575,264,214
1713120218,2024-04-14T18:43:38Z,SAS909,"41.782402,-74.027222",12575,261,216
1713120221,2024-04-14T18:43:41Z,SAS909,"41.779633,-74.030312",12550,257,221
1713120225,2024-04-14T18:43:45Z,SAS909,"41.776062,-74.034866",12500,253,224
1713120228,2024-04-14T18:43:48Z,SAS909,"41.773224,-74.038673",12475,251,225
1713120231,2024-04-14T18:43:51Z,SAS909,"41.771183,-74.041527",12450,251,225
1713120234,2024-04-14T18:43:54Z,SAS909,"41.768646,-74.044983",12425,251,225
1713120238,2024-04-14T18:43:58Z,SAS909,"41.765762,-74.048912",12400,251,225
1713120240,2024-04-14T18:44:00Z,SAS909,"41.763428,-74.051971",12375,252,224
1713120243,2024-04-14T18:44:03Z,SAS909,"41.761505,-74.054527",12350,253,224
1713120265,2024-04-14T18:44:25Z,SAS909,"41.741501,-74.077187",12175,261,215
1713120268,2024-04-14T18:44:28Z,SAS909,"41.73827,-74.080109",12125,263,213
1713120271,2024-04-14T18:44:31Z,SAS909,"41.735336,-74.082664",12100,263,213
1713120274,2024-04-14T18:44:34Z,SAS909,"41.732529,-74.085052",12100,264,212
1713120277,2024-04-14T18:44:37Z,SAS909,"41.729053,-74.088028",12075,264,212
1713120280,2024-04-14T18:44:40Z,SAS909,"41.725983,-74.090614",12075,264,212
1713120309,2024-04-14T18:45:09Z,SAS909,"41.695175,-74.116264",11900,267,211
1713120325,2024-04-14T18:45:25Z,SAS909,"41.678406,-74.129738",11675,265,210
1713120341,2024-04-14T18:45:41Z,SAS909,"41.662113,-74.142509",11275,262,210
1713120356,2024-04-14T18:45:56Z,SAS909,"41.64624,-74.154907",10775,262,210
1713120370,2024-04-14T18:46:10Z,SAS909,"41.632366,-74.167938",10550,252,220
1713120374,2024-04-14T18:46:14Z,SAS909,"41.629059,-74.172089",10500,249,223
1713120377,2024-04-14T18:46:17Z,SAS909,"41.626823,-74.175026",10450,247,225
1713120380,2024-04-14T18:46:20Z,SAS909,"41.624542,-74.178192",10400,246,226
1713120383,2024-04-14T18:46:23Z,SAS909,"41.621937,-74.181923",10325,246,227
1713120386,2024-04-14T18:46:26Z,SAS909,"41.61969,-74.185303",10275,245,227
1713120388,2024-04-14T18:46:28Z,SAS909,"41.617794,-74.188057",10225,245,228
1713120392,2024-04-14T18:46:32Z,SAS909,"41.615204,-74.191986",10175,246,228
1713120394,2024-04-14T18:46:34Z,SAS909,"41.613693,-74.194229",10125,246,228
1713120397,2024-04-14T18:46:37Z,SAS909,"41.611275,-74.197891",10050,245,228
1713120408,2024-04-14T18:46:48Z,SAS909,"41.603027,-74.210274",9850,246,228
1713120424,2024-04-14T18:47:04Z,SAS909,"41.590935,-74.228485",9550,246,228
1713120444,2024-04-14T18:47:24Z,SAS909,"41.574875,-74.250099",9200,221,216
1713120450,2024-04-14T18:47:30Z,SAS909,"41.569336,-74.254723",9075,256,210
1713120455,2024-04-14T18:47:35Z,SAS909,"41.563702,-74.258636",8975,260,206
1713120459,2024-04-14T18:47:39Z,SAS909,"41.559448,-74.261459",8875,261,206
1713120467,2024-04-14T18:47:47Z,SAS909,"41.549927,-74.267578",8700,262,205
1713120478,2024-04-14T18:47:58Z,SAS909,"41.538052,-74.275307",8500,259,206
1713120495,2024-04-14T18:48:15Z,SAS909,"41.520035,-74.2873",8150,222,206
1713120513,2024-04-14T18:48:33Z,SAS909,"41.501038,-74.300163",7750,258,207
1713120528,2024-04-14T18:48:48Z,SAS909,"41.484749,-74.311272",7425,257,207
1713120557,2024-04-14T18:49:17Z,SAS909,"41.455032,-74.331436",7150,253,206
1713120574,2024-04-14T18:49:34Z,SAS909,"41.436939,-74.343781",7125,250,209
1713120580,2024-04-14T18:49:40Z,SAS909,"41.431351,-74.348701",7125,245,217
1713120585,2024-04-14T18:49:45Z,SAS909,"41.427521,-74.353409",7125,240,227
1713120590,2024-04-14T18:49:50Z,SAS909,"41.423904,-74.35984",7125,235,237
1713120594,2024-04-14T18:49:54Z,SAS909,"41.422028,-74.364517",7125,232,244
1713120600,2024-04-14T18:50:00Z,SAS909,"41.419556,-74.372826",7125,228,251
1713120604,2024-04-14T18:50:04Z,SAS909,"41.418365,-74.377876",7125,228,252
1713120608,2024-04-14T18:50:08Z,SAS909,"41.417313,-74.382622",7125,229,253
1713120616,2024-04-14T18:50:16Z,SAS909,"41.41507,-74.393044",7125,229,252
1713120626,2024-04-14T18:50:26Z,SAS909,"41.409798,-74.407654",7125,237,235
1713120632,2024-04-14T18:50:32Z,SAS909,"41.405933,-74.413528",7125,243,223
1713120637,2024-04-14T18:50:37Z,SAS909,"41.401245,-74.418388",7125,250,213
1713120642,2024-04-14T18:50:42Z,SAS909,"41.396019,-74.422089",7125,257,203
1713120647,2024-04-14T18:50:47Z,SAS909,"41.389801,-74.42482",7125,263,195
1713120651,2024-04-14T18:50:51Z,SAS909,"41.385124,-74.426254",7125,264,192
1713120657,2024-04-14T18:50:57Z,SAS909,"41.378265,-74.428101",7125,264,191
1713120663,2024-04-14T18:51:03Z,SAS909,"41.371078,-74.429993",7125,264,191
1713120665,2024-04-14T18:51:05Z,SAS909,"41.369904,-74.430313",7125,264,191
1713120679,2024-04-14T18:51:19Z,SAS909,"41.351486,-74.435974",7125,260,194
1713120698,2024-04-14T18:51:38Z,SAS909,"41.330475,-74.443481",7125,254,195
1713120715,2024-04-14T18:51:55Z,SAS909,"41.310928,-74.450806",7125,257,195
1713120737,2024-04-14T18:52:17Z,SAS909,"41.284836,-74.46051",7125,262,195
1713120756,2024-04-14T18:52:36Z,SAS909,"41.263321,-74.468262",7150,260,195
1713120769,2024-04-14T18:52:49Z,SAS909,"41.249611,-74.473198",7125,260,195
1713120784,2024-04-14T18:53:04Z,SAS909,"41.229595,-74.480377",7125,262,194
1713120800,2024-04-14T18:53:20Z,SAS909,"41.211857,-74.486679",7125,261,194
1713120814,2024-04-14T18:53:34Z,SAS909,"41.194931,-74.492676",7125,256,194
1713120827,2024-04-14T18:53:47Z,SAS909,"41.180481,-74.497604",7125,238,194
1713120847,2024-04-14T18:54:07Z,SAS909,"41.162003,-74.503906",7125,217,195
1713120861,2024-04-14T18:54:21Z,SAS909,"41.147278,-74.509155",7125,215,195
1713120879,2024-04-14T18:54:39Z,SAS909,"41.13002,-74.515579",7125,220,195
1713120895,2024-04-14T18:54:55Z,SAS909,"41.11475,-74.521141",7000,210,195
1713120907,2024-04-14T18:55:07Z,SAS909,"41.103333,-74.52533",6875,140,195
1713120933,2024-04-14T18:55:33Z,SAS909,"41.077377,-74.524597",6625,247,156
1713120935,2024-04-14T18:55:35Z,SAS909,"41.076233,-74.523804",6600,249,152
1713120938,2024-04-14T18:55:38Z,SAS909,"41.072247,-74.520638",6575,253,148
1713120941,2024-04-14T18:55:41Z,SAS909,"41.069504,-74.517822",6550,258,140
1713120945,2024-04-14T18:55:45Z,SAS909,"41.066116,-74.513428",6500,263,135
1713120948,2024-04-14T18:55:48Z,SAS909,"41.063309,-74.508842",6475,269,125
1713120951,2024-04-14T18:55:51Z,SAS909,"41.061356,-74.504662",6475,271,122
1713120954,2024-04-14T18:55:54Z,SAS909,"41.059772,-74.500603",6450,273,116
1713120957,2024-04-14T18:55:57Z,SAS909,"41.058331,-74.495979",6425,276,110
1713120960,2024-04-14T18:56:00Z,SAS909,"41.057236,-74.491028",6400,278,105
1713120963,2024-04-14T18:56:03Z,SAS909,"41.056419,-74.485497",6375,280,98
1713120969,2024-04-14T18:56:09Z,SAS909,"41.055862,-74.47522",6300,281,91
1713120972,2024-04-14T18:56:12Z,SAS909,"41.055954,-74.469574",6250,281,87
1713120976,2024-04-14T18:56:16Z,SAS909,"41.056137,-74.464111",6225,280,86
1713120979,2024-04-14T18:56:19Z,SAS909,"41.056458,-74.459045",6200,280,85
1713120981,2024-04-14T18:56:21Z,SAS909,"41.056747,-74.454842",6175,278,84
1713120983,2024-04-14T18:56:23Z,SAS909,"41.057007,-74.451416",6175,277,84
1713120987,2024-04-14T18:56:27Z,SAS909,"41.057583,-74.444168",6175,277,84
1713120991,2024-04-14T18:56:31Z,SAS909,"41.057911,-74.439987",6200,276,84
1713120993,2024-04-14T18:56:33Z,SAS909,"41.058376,-74.434181",6200,275,84
1713121008,2024-04-14T18:56:48Z,SAS909,"41.06044,-74.409119",6175,270,83
1713121024,2024-04-14T18:57:04Z,SAS909,"41.062473,-74.383995",6150,274,83
1713121042,2024-04-14T18:57:22Z,SAS909,"41.064892,-74.353661",5825,271,83
1713121057,2024-04-14T18:57:37Z,SAS909,"41.067078,-74.328186",5600,267,83
1713121069,2024-04-14T18:57:49Z,SAS909,"41.068726,-74.309448",5400,266,83
1713121085,2024-04-14T18:58:05Z,SAS909,"41.069733,-74.28318",5175,260,95
1713121085,2024-04-14T18:58:05Z,SAS909,"41.069778,-74.283813",5175,260,95
1713121091,2024-04-14T18:58:11Z,SAS909,"41.068523,-74.274635",5150,250,103
1713121093,2024-04-14T18:58:13Z,SAS909,"41.06781,-74.27124",5150,250,103
1713121095,2024-04-14T18:58:15Z,SAS909,"41.067169,-74.268372",5175,244,107
1713121099,2024-04-14T18:58:19Z,SAS909,"41.065842,-74.263245",5175,244,107
1713121106,2024-04-14T18:58:26Z,SAS909,"41.063232,-74.253723",5175,234,110
1713121109,2024-04-14T18:58:29Z,SAS909,"41.062088,-74.249695",5175,233,110
1713121111,2024-04-14T18:58:31Z,SAS909,"41.061028,-74.245918",5175,231,110
1713121118,2024-04-14T18:58:38Z,SAS909,"41.058514,-74.236801",5175,225,109
1713121139,2024-04-14T18:58:59Z,SAS909,"41.051254,-74.211395",5150,207,111
1713121145,2024-04-14T18:59:05Z,SAS909,"41.048973,-74.206032",5175,194,123
1713121158,2024-04-14T18:59:18Z,SAS909,"41.040173,-74.195107",5150,189,144
1713121173,2024-04-14T18:59:33Z,SAS909,"41.028534,-74.185486",5150,190,148
1713121190,2024-04-14T18:59:50Z,SAS909,"41.016338,-74.175316",4850,190,148
1713121199,2024-04-14T18:59:59Z,SAS909,"41.009636,-74.169823",4675,193,148
1713121206,2024-04-14T19:00:06Z,SAS909,"41.004375,-74.16552",4525,192,148
1713121215,2024-04-14T19:00:15Z,SAS909,"40.997391,-74.160149",4350,193,149
1713121225,2024-04-14T19:00:25Z,SAS909,"40.989532,-74.154358",4200,191,151
1713121233,2024-04-14T19:00:33Z,SAS909,"40.983215,-74.149719",4175,186,150
1713121243,2024-04-14T19:00:43Z,SAS909,"40.975979,-74.144234",4150,181,149
1713121249,2024-04-14T19:00:49Z,SAS909,"40.971321,-74.140549",4150,179,149
1713121256,2024-04-14T19:00:56Z,SAS909,"40.966919,-74.137146",4175,180,150
1713121264,2024-04-14T19:01:04Z,SAS909,"40.960602,-74.132263",4150,181,149
1713121274,2024-04-14T19:01:14Z,SAS909,"40.953541,-74.126755",4175,181,149
1713121283,2024-04-14T19:01:23Z,SAS909,"40.947163,-74.121948",4175,182,150
1713121293,2024-04-14T19:01:33Z,SAS909,"40.939865,-74.116455",4000,184,150
1713121302,2024-04-14T19:01:42Z,SAS909,"40.933228,-74.111511",3875,183,149
1713121310,2024-04-14T19:01:50Z,SAS909,"40.928421,-74.107849",3775,185,149
1713121320,2024-04-14T19:02:00Z,SAS909,"40.919556,-74.101036",3600,186,150
1713121329,2024-04-14T19:02:09Z,SAS909,"40.912899,-74.095978",3500,185,149
1713121335,2024-04-14T19:02:15Z,SAS909,"40.908279,-74.092407",3425,182,149
1713121344,2024-04-14T19:02:24Z,SAS909,"40.90155,-74.087341",3400,182,150
1713121354,2024-04-14T19:02:34Z,SAS909,"40.894409,-74.082275",3350,186,155
1713121357,2024-04-14T19:02:37Z,SAS909,"40.892185,-74.081062",3325,184,159
1713121360,2024-04-14T19:02:40Z,SAS909,"40.889717,-74.079933",3300,179,162
1713121363,2024-04-14T19:02:43Z,SAS909,"40.887268,-74.079102",3275,177,167
1713121366,2024-04-14T19:02:46Z,SAS909,"40.88475,-74.078491",3275,175,170
1713121369,2024-04-14T19:02:49Z,SAS909,"40.882595,-74.078064",3250,174,171
1713121372,2024-04-14T19:02:52Z,SAS909,"40.880035,-74.077576",3250,173,171
1713121375,2024-04-14T19:02:55Z,SAS909,"40.877655,-74.077087",3225,172,171
1713121377,2024-04-14T19:02:57Z,SAS909,"40.875706,-74.076752",3200,172,172
1713121381,2024-04-14T19:03:01Z,SAS909,"40.872803,-74.076233",3175,172,172
1713121384,2024-04-14T19:03:04Z,SAS909,"40.870304,-74.075813",3175,173,172
1713121387,2024-04-14T19:03:07Z,SAS909,"40.867886,-74.075378",3150,173,172
1713121390,2024-04-14T19:03:10Z,SAS909,"40.865276,-74.074944",3150,173,172
1713121393,2024-04-14T19:03:13Z,SAS909,"40.863098,-74.074524",3175,172,172
1713121399,2024-04-14T19:03:19Z,SAS909,"40.8582,-74.073753",3175,170,172
1713121408,2024-04-14T19:03:28Z,SAS909,"40.851032,-74.072571",3175,169,173
1713121418,2024-04-14T19:03:38Z,SAS909,"40.843735,-74.072021",3150,166,180
1713121420,2024-04-14T19:03:40Z,SAS909,"40.841812,-74.072144",3150,162,183
1713121424,2024-04-14T19:03:44Z,SAS909,"40.839203,-74.07251",3150,160,189
1713121426,2024-04-14T19:03:46Z,SAS909,"40.837326,-74.073059",3150,159,193
1713121430,2024-04-14T19:03:50Z,SAS909,"40.835018,-74.073944",3150,160,198
1713121433,2024-04-14T19:03:53Z,SAS909,"40.83255,-74.075127",3125,160,201
1713121436,2024-04-14T19:03:56Z,SAS909,"40.830502,-74.076256",3100,160,203
1713121439,2024-04-14T19:03:59Z,SAS909,"40.828629,-74.077332",3050,160,205
1713121442,2024-04-14T19:04:02Z,SAS909,"40.826477,-74.078674",3000,159,206
1713121445,2024-04-14T19:04:05Z,SAS909,"40.824554,-74.079956",2975,160,206
1713121448,2024-04-14T19:04:08Z,SAS909,"40.82254,-74.08136",2925,162,207
1713121452,2024-04-14T19:04:12Z,SAS909,"40.820251,-74.082947",2875,165,208
1713121455,2024-04-14T19:04:15Z,SAS909,"40.818146,-74.084412",2825,167,207
1713121458,2024-04-14T19:04:18Z,SAS909,"40.816086,-74.085815",2800,168,207
1713121461,2024-04-14T19:04:21Z,SAS909,"40.813751,-74.087402",2725,169,207
1713121470,2024-04-14T19:04:30Z,SAS909,"40.807709,-74.091431",2575,169,206
1713121476,2024-04-14T19:04:36Z,SAS909,"40.803131,-74.094421",2500,169,205
1713121485,2024-04-14T19:04:45Z,SAS909,"40.798141,-74.097534",2350,167,205
1713121493,2024-04-14T19:04:53Z,SAS909,"40.791183,-74.101868",2275,164,204
1713121503,2024-04-14T19:05:03Z,SAS909,"40.784271,-74.106384",2150,167,207
1713121510,2024-04-14T19:05:10Z,SAS909,"40.779739,-74.109192",2050,168,204
1713121518,2024-04-14T19:05:18Z,SAS909,"40.773926,-74.112793",1950,169,204
1713121527,2024-04-14T19:05:27Z,SAS909,"40.76738,-74.116821",1825,166,205
1713121534,2024-04-14T19:05:34Z,SAS909,"40.762665,-74.119934",1850,154,206
1713121543,2024-04-14T19:05:43Z,SAS909,"40.757183,-74.123383",1725,151,205
1713121555,2024-04-14T19:05:55Z,SAS909,"40.750015,-74.128128",1525,147,206
1713121563,2024-04-14T19:06:03Z,SAS909,"40.745358,-74.130997",1375,141,204
1713121570,2024-04-14T19:06:10Z,SAS909,"40.740829,-74.133911",1250,138,206
1713121579,2024-04-14T19:06:19Z,SAS909,"40.735909,-74.136993",1100,132,205
1713121586,2024-04-14T19:06:26Z,SAS909,"40.732224,-74.139404",975,125,208
1713121593,2024-04-14T19:06:33Z,SAS909,"40.728741,-74.141731",900,122,206
1713121599,2024-04-14T19:06:39Z,SAS909,"40.725479,-74.143791",825,120,205
1713121609,2024-04-14T19:06:49Z,SAS909,"40.7211,-74.146484",750,122,206
1713121617,2024-04-14T19:06:57Z,SAS909,"40.716171,-74.149727",625,122,206
1713121626,2024-04-14T19:07:06Z,SAS909,"40.711716,-74.152588",525,121,205
1713121633,2024-04-14T19:07:13Z,SAS909,"40.708511,-74.154602",475,123,206
1713121639,2024-04-14T19:07:19Z,SAS909,"40.705399,-74.156555",400,124,205
1713121647,2024-04-14T19:07:27Z,SAS909,"40.70118,-74.15921",300,125,206
1713121654,2024-04-14T19:07:34Z,SAS909,"40.697479,-74.161621",200,121,206
1713121661,2024-04-14T19:07:41Z,SAS909,"40.694046,-74.163818",175,115,206
1713121668,2024-04-14T19:07:48Z,SAS909,"40.691299,-74.165527",150,101,206
1713121676,2024-04-14T19:07:56Z,SAS909,"40.68853,-74.167313",0,79,205
1713121683,2024-04-14T19:08:03Z,SAS909,"40.686295,-74.168747",0,66,205
1713121690,2024-04-14T19:08:10Z,SAS909,"40.684689,-74.169777",0,42,205
1713121697,2024-04-14T19:08:17Z,SAS909,"40.683826,-74.17038",0,29,208
1713121699,2024-04-14T19:08:19Z,SAS909,"40.683537,-74.170624",0,29,214
1713121705,2024-04-14T19:08:25Z,SAS909,"40.682911,-74.171387",0,24,225
1713121708,2024-04-14T19:08:28Z,SAS909,"40.682747,-74.171638",0,24,228
1713121710,2024-04-14T19:08:30Z,SAS909,"40.68259,-74.17189",0,22,231
1713121713,2024-04-14T19:08:33Z,SAS909,"40.682419,-74.172211",0,20,233
1713121716,2024-04-14T19:08:36Z,SAS909,"40.68227,-74.172501",0,18,233
1713121719,2024-04-14T19:08:39Z,SAS909,"40.68214,-74.172745",0,16,236
1713121722,2024-04-14T19:08:42Z,SAS909,"40.682037,-74.172958",0,13,236
1713121726,2024-04-14T19:08:46Z,SAS909,"40.681919,-74.173195",0,11,236
1713121735,2024-04-14T19:08:55Z,SAS909,"40.681744,-74.173523",0,6,236
1713121743,2024-04-14T19:09:03Z,SAS909,"40.681641,-74.173729",0,4,236
1713121759,2024-04-14T19:09:19Z,SAS909,"40.681511,-74.173943",0,4,233
1713121766,2024-04-14T19:09:26Z,SAS909,"40.681396,-74.174179",0,8,236
1713121770,2024-04-14T19:09:30Z,SAS909,"40.681374,-74.174385",0,9,248
1713121774,2024-04-14T19:09:34Z,SAS909,"40.681442,-74.174599",0,11,270
1713121779,2024-04-14T19:09:39Z,SAS909,"40.681568,-74.174866",0,10,290
1713121784,2024-04-14T19:09:44Z,SAS909,"40.681709,-74.175179",0,11,295
1713121788,2024-04-14T19:09:48Z,SAS909,"40.681812,-74.175446",0,12,295
1713121793,2024-04-14T19:09:53Z,SAS909,"40.681885,-74.175674",0,12,295
1713121798,2024-04-14T19:09:58Z,SAS909,"40.682053,-74.176117",0,14,295
1713121805,2024-04-14T19:10:05Z,SAS909,"40.682209,-74.176537",0,11,295
1713121810,2024-04-14T19:10:10Z,SAS909,"40.682362,-74.176773",0,10,304
1713121816,2024-04-14T19:10:16Z,SAS909,"40.682594,-74.176971",0,10,321
1713121822,2024-04-14T19:10:22Z,SAS909,"40.682907,-74.177193",0,12,329
1713121829,2024-04-14T19:10:29Z,SAS909,"40.68322,-74.177322",0,10,340
1713121835,2024-04-14T19:10:35Z,SAS909,"40.683472,-74.177216",0,11,6
1713121840,2024-04-14T19:10:40Z,SAS909,"40.683735,-74.176987",0,12,25
1713121847,2024-04-14T19:10:47Z,SAS909,"40.684059,-74.176758",0,13,28
1713121853,2024-04-14T19:10:53Z,SAS909,"40.684341,-74.176575",0,14,25
1713121856,2024-04-14T19:10:56Z,SAS909,"40.68457,-74.176422",0,16,25
1713121860,2024-04-14T19:11:00Z,SAS909,"40.684818,-74.17627",0,16,25
1713121868,2024-04-14T19:11:08Z,SAS909,"40.685268,-74.175995",0,14,25
1713121875,2024-04-14T19:11:15Z,SAS909,"40.68568,-74.17572",0,11,25
1713121885,2024-04-14T19:11:25Z,SAS909,"40.686138,-74.17543",0,12,25
1713121893,2024-04-14T19:11:33Z,SAS909,"40.686596,-74.175125",0,14,25
1713121899,2024-04-14T19:11:39Z,SAS909,"40.686935,-74.174911",0,16,25
1713121905,2024-04-14T19:11:45Z,SAS909,"40.68734,-74.174667",0,17,25
1713121913,2024-04-14T19:11:53Z,SAS909,"40.687958,-74.174271",0,16,25
1713121921,2024-04-14T19:12:01Z,SAS909,"40.68845,-74.173958",0,19,25
1713121928,2024-04-14T19:12:08Z,SAS909,"40.68895,-74.173645",0,20,25
1713121937,2024-04-14T19:12:17Z,SAS909,"40.689728,-74.173149",0,22,25
1713121944,2024-04-14T19:12:24Z,SAS909,"40.690357,-74.17276",0,20,25
1713121952,2024-04-14T19:12:32Z,SAS909,"40.690899,-74.172409",0,13,25
1713121960,2024-04-14T19:12:40Z,SAS909,"40.691242,-74.172195",0,6,25
1713121969,2024-04-14T19:12:49Z,SAS909,"40.691452,-74.172058",0,5,25
1713121980,2024-04-14T19:13:00Z,SAS909,"40.691666,-74.171921",0,6,25
1713121987,2024-04-14T19:13:07Z,SAS909,"40.691895,-74.171783",0,8,25
1713121995,2024-04-14T19:13:15Z,SAS909,"40.692169,-74.171585",0,7,25
1713122002,2024-04-14T19:13:22Z,SAS909,"40.692371,-74.171509",0,7,20
1713122009,2024-04-14T19:13:29Z,SAS909,"40.692547,-74.171738",0,8,340
1713122014,2024-04-14T19:13:34Z,SAS909,"40.692604,-74.171982",0,8,312
1713122019,2024-04-14T19:13:39Z,SAS909,"40.692696,-74.172211",0,8,307
1713122025,2024-04-14T19:13:45Z,SAS909,"40.692764,-74.172462",0,8,298
1713122032,2024-04-14T19:13:52Z,SAS909,"40.692661,-74.17276",0,7,264
1713122041,2024-04-14T19:14:01Z,SAS909,"40.69257,-74.173012",0,5,253
1713122049,2024-04-14T19:14:09Z,SAS909,"40.692524,-74.173248",0,5,253
1713122058,2024-04-14T19:14:18Z,SAS909,"40.69249,-74.173462",0,4,256
1713122069,2024-04-14T19:14:29Z,SAS909,"40.692451,-74.173676",0,1,255
